, eGRID subregion acronym , Plant primary fuel ,"1,1-DICHLOROETHANE","1,1-DICHLOROETHYLENE","1,2,3-TRICHLOROPROPANE","1,2-DICHLOROETHYLENE","1,4-DICHLORO-2-BUTENE","1,4-dioxane",1-Methyl-2-pyrrolidinone,"2,2-BIS(4-HYDROXY-3,5-DIBROMOPHENYL)PROPANE","2,4-DINITROPHENOL","2,4/2,6-toluenediisocyanate (mixture)",2-METHOXYETHANOL,2-PHENYLPHENOL,"4,4'-METHYLENEDIANILINE",4-Methyl-2-pentanone,"7-OXABICYCLO[2,2,1]HEPTANE-2,3-DICARBOXYLIC ACID, DIPOTASSIUM SALT",ACRYLAMIDE,ALLYL ALCOHOL,ALLYL CHLORIDE,ALUMINUM OXIDE,ANTIMONY COMPOUNDS,ARSENIC COMPOUNDS,Acetamide,Acetonitrile,Acetophenone,Acrolein,Acrylic acid,Acrylonitrile,Aniline,Anthracene,BARIUM COMPOUNDS,BERYLLIUM COMPOUNDS,BROMODICHLOROMETHANE,BUTYL ACRYLATE,"Benzene, 1,2,4-trimethyl-","Benzene, chloro-","Benzene, ethyl-","Benzene, hexachloro-","Benzene, pentachloro-","Benzo(g,h,i)perylene",Benzyl chloride,Bis(2-chloroethyl)ether,Bisphenol A,Bromoform,Butadiene,Butanol,Butyraldehyde,CADMIUM COMPOUNDS,CATECHOL,CHLORINE,CHLOROPRENE,CHROMIUM COMPOUNDS(EXCEPT CHROMITE ORE MINED IN THE TRANSVAAL REGION),COBALT COMPOUNDS,COPPER COMPOUNDS,CYANIDE COMPOUNDS,Cadmium,Carbon disulfide,Chloroform,Creosol,Cresol,"Cresol, o-","Cresol, p-",Crotonaldehyde,Cumene,Cumene hydroperoxide,Cyanide,Cyclohexane,Cyclohexanol,DIAMINOTOLUENES,DIETHANOLAMINE,DIPHENYLAMINE,DMTT (DAZOMET),Dimethylamine,"Dioxins, measured as 2,3,7,8-tetrachlorodibenzo-p-dioxin",ETHENE,ETHYL ACRYLATE,Epichlorohydrin,"Ethane, 1,1,1-trichloro-, HCFC-140","Ethane, 1,1,2-trichloro-","Ethane, 1,1,2-trichloro-1,2,2-trifluoro-, CFC-113","Ethane, 1,2-dichloro-","Ethene, chloro-","Ethene, tetrachloro-","Ethene, trichloro-",Ethylene glycol monoethyl ether,Ethylene oxide,Formic acid,HYDROFLUORIC ACID,HYDROGEN SULFIDE,HYDROQUINONE,Hexachlorocyclopentadiene,Hexane,Hydrazine,Isoprene,LEAD COMPOUNDS,MALEIC ANHYDRIDE,MANGANESE COMPOUNDS,MERCURY COMPOUNDS,METHYL BROMIDE,MOLYBDENUM(VI),"Methane, bromo-, Halon 1001","Methane, dichloro-, HCC-30","Methane, dichlorodifluoro-, CFC-12","Methane, monochloro-, R-40","Methane, tetrachloro-, R-10","Methane, trichlorofluoro-, CFC-11",Methyl acrylate,Methyl methacrylate,Monochloroethane,NICKEL COMPOUNDS,NICOTINE,NITRATE COMPOUNDS,NITROGLYCERIN,NITROUS ACID,Nitrobenzene,O-TOLUIDINE,OCTACHLORONAPHTHALENE,OXIRANEMETHANOL,P-PHENYLENEDIAMINE,PERACETIC ACID,PHOSPHORUS,PHTHALIC ANHYDRIDE,PYRIDINE,"Phenol, 2,4-dichloro","Phenol, 2,4-dimethyl-","Phenol, pentachloro-","Phthalate, dibutyl-","Phthalate, dimethyl-","Phthalate, dioctyl-",Picloram,Polychlorinated biphenyls,Propanal,"Propane, 1,2-dichloro-",Propene,"Propene, 1,3-dichloro-",Propylene oxide,QUINOLINE,SEC-BUTYL ALCOHOL,SELENIUM COMPOUNDS,SILVER COMPOUNDS,Sodium formate,Styrene,TERT-BUTYL ALCOHOL,THALLIUM COMPOUNDS,Thiram,"Toluene, 2,4-dinitro-",Triethyl amine,VANADIUM COMPOUNDS,Vinyl acetate,Xylene,ZINC COMPOUNDS,acetaldehyde,ammonia,antimony,arsenic,barium,benzene,beryllium,biphenyl,bromine,chlorine,chromium,cobalt,copper,dibenzofuran,dicyclopentadiene,dimethyl formamide,ethylene glycol,formaldehyde,"hexachloro-1,3-butadiene",isobutyraldehyde,lead,m-xylene,manganese,mercury,methanol,naphthalene,nickel,nitric acid,o-xylene,p-xylene,phenanthrene,phenol,selenium,silver,t-Butyl methyl ether,toluene,vanadium
0,AKGD,JF,,,,,,,,,,,,,,,,,,,,,,,,,,,,,,,,,,0.0,,0.0,,,,,,,,,,,,,,,,,,,,,,,,,,,,,,0.0,,,,,,,,,,,,,,,,,,,,,,,,,0.0,,,,,,,,,,,,,,,,,,,,,,,,,,,,,,,,,,,,,,,,,,,,,,,,,,,,,,,,,,,,,,,,,,,,,,,,,,,,,,,,,,,,,,,,,,,,,,,,
1,AKGD,NG,,,,,,,,,,,,,,,,,,,0.0,,,,,,,,,,,,,,,6.767955389226021e-06,,6.767955389226021e-06,,,0.0,,,,,,,,,,,,,,,,,0.0,,,,,,,0.0,,,6.767955389226021e-06,,,,,,,0.0,,,,,,,,,,,,,,,0.00020303866167678062,,,6.767955389226021e-06,,,3.3839776946130105e-05,,,6.767955389226021e-06,,0.0,,,,,,,,,,0.0,,,,,,,,,,,,,,,,,,,,,,,,0.0,,,,,,,,,,,,,,,,1.3535910778452041e-05,,,0.008121546467071226,,,,0.0,,,,,,,,,,,,,,,,,,,0.0,6.767955389226021e-06,,,,,,,,,,6.767955389226021e-06,
2,AKGD,SUB,,,,,,,,,,,,,,,,,,,,,,,,,,,,,,0.0,,,,0.0,,0.0,,,,,,,,,,,,,,,,,0.0,,,,,,,,,,,,,,,,,,,,0.0,,,,,,,,,,,,,,0.0,,,,,,,0.0,,0.0,0.0,,,,,,,,,,,,,,,0.0,,,,,,,,,,,,,,,,,,,,,,,,,,,,,,,,,,,0.0,,0.0,0.0,,,,,,,,,,,,,0.0,,,,,,,,0.0,,,0.0,,0.0,,,,,,,,,,,
3,AKGD,WC,,,,,,,,,,,,,,,,,,,,,,,,,,,,,,0.0,,,,,,,,,,,,,,,,,,,,,,,,,,,,,,,,,,,,,,,,,,,,,,,,,,,,,,,,,,,,,,,,0.0,,0.0,,,,,,,,,,,,,,,,,,,,,,,,,,,,,,,,,,,,,,,,,,,,,,,,,,,,,,,,,,,,,,,,,,,,,,,,,,,,,,0.0,,,,,,,,,,,,,
4,AKMS,DFO,,,,,,,,,,,,,,,,,,,,,,,,,,,,,,,,,,0.0,,,,,,,,,,,,,,,,,,,,,,,,,,,,,,,,,,,,,,,,,,,,,,,,,,,,,,,,,0.0,,,,,,,,,,,,,,,,,,,,,,,,,,,,,,,,,,,,,,,,,,,,,,,,,,,,,,,,,,,,,0.0,,,,,,,,0.0,,,,,,,,,,,0.0,,,,,,,0.0,,,,,,,,,
5,AZNM,BIT,,,,,,,,,,,,,,,,,,,,,,,,,,,,,,0.0,,,,,,,,,,,,,,,,,,,,,,,,,,,,,,,,,,,,,,,,,,,0.0,,,,,,,,,,,,,,,,,,,,,0.0,,0.0,,,,,,,,,,,,,,,,,,,,,,,,,,,,,,,,,,,,,,,,,,,,,,,,,,,,,,,,,,,,,,,,,,,,,,,,,,,,,,0.0,,,,,,,,,,,,,
6,AZNM,DFO,,,,,,,,,,,,,,,,,,,,,,,,,,,,,,,,,,,,,,,,,,,,,,,,,,,,0.0,2.0632727272727274,,,,,,,,,,,,,,,,,,,,,,,,,,,,,,,,,,,,,,,,,0.11554327272727273,,,,,,,,,,,,,,,,,2.0632727272727274,,,,,,,,,,,,,,,,,,,,,,,,,,,,,,,,,,,,,,,,,0.0,,,,,,,,,,,,,,,,,,,,,,,,,,,,,,,,,,,
7,AZNM,NG,,,,,,,,,,,,,,,,,,,,,,,,,,,,,,,,,,,,,,,,,,,,,,0.0,,,,,,0.0,0.0,,,,,,,,,,,,,,,,,,,,,,,,,,,,,,,,,,,,,,,,,0.0,,,,,,,,,,,,,,,,,0.0,,,,,,,,,,,,,,,,,,,,,,,,,,,,,,,,,,,,,,,,,0.0,,,,,,,,,0.0,,,,,,,,,,,,0.0,,,,0.0,,,,,,,,,,
8,AZNM,SUB,,,,,,,,,,,,,,,,,,,,,0.0,,,,,,,,,0.0,,,,,,,,,0.0,,,,,,,,,,,,0.0,0.0,0.0,,,,,,,,,,,,,,,,,,,,0.0,,,,,,,,,,,,,,0.0,,,,,,,0.0,,0.0,0.0,,,,,,,,,,,,0.0,,,,,,,,,,,,,,,,,,,,,,,,,,,,,,,,,,,,,,0.0,,,0.0,,0.0,,0.0,0.0,,,,0.0,,0.0,0.0,0.0,,,,,,,,0.0,,0.0,0.0,,0.0,0.0,,,,,,0.0,,,,0.0
9,CAMX,BIT,,,,,,,,,,,,,,,,,,,,,,,,,,,,,,,,,,,,,,,,,,,,,,,,,,,,,,,,,,,,,,,,,,,,,,,,,,,,,,,,,,,,,,,,,,,,,,0.0,,,0.0,,,,,,,,,,,,,,,,,,,,,,,,,,,,,,,,,,,,,,,,,,,,,,,,,,,,,,,0.0,,,,,,,,,,,,,,,,,,,,,,0.0,,,,,,,,,,,,,
10,CAMX,NG,,,,,,,,,,,,,,,,,,,,,,,,,,,,,0.0,,,,,1.0210009372071228e-06,,2.83611371446423e-07,,,2.83611371446423e-08,,,,,0.0,,,,,,,1.883809113562345e-05,5.105004686035614e-06,2.7975430283861207e-05,8.151052880518432e-05,,0.0,,,0.00010367375941121292,,,,0.0,,0.0,7.090284286160575e-07,,,0.0,,,,1.86748956493631e-10,0.0,,,,,,,,3.781484952618973e-07,,0.0,,,0.0,0.0,,,1.418056857232115e-07,,0.0,4.901017532153231e-06,,,1.9318237665134565e-07,,0.0,,,,,,,,,,0.00013515968579003575,,0.25974264869255087,,,,,,,,,,,,,2.8936348645999195e-05,,,,,,,,,2.6943080287410184e-06,,,,,,2.572119879644373e-06,,0.0,,,,,,1.0068203686348017e-05,,3.970559200249922e-06,0.00020669220816507238,0.0,0.0012851739489199323,,,0.0,7.090284286160575e-07,,,,,,,0.0,,,,,,,,0.0,,,0.0,1.2762511715089035e-06,1.418056857232115e-07,,0.0,,,0.0,2.0054537971209733e-05,,,,8.50834114339269e-07,
11,CAMX,OG,,,,,,,,,,,,,,,,,,,,,,,,,,,,,,,,,,0.0,,1.1139227427012674e-05,,,1.1725502554750183e-06,,,,,0.0,,,,,,,,0.0,6.331771379565098e-05,,,0.0,,,,,,,0.0,,0.0,0.0,,,,,,,5.5408889187387956e-11,0.0,,,,,,,,0.0,,,,,,5.80412376460134e-05,,,0.0,,,3.107258177008798e-07,,,3.810788330293809e-07,,0.0,,,,,,,,,,0.00013367072912415207,,0.6479360279188473,,,,,,,,,,,,,,,,,,,,,,0.0,,,,,,,,0.0,,,,,,0.0004584671498907321,,1.1139227427012674e-05,0.003794372626717159,,1.4656878193437726e-05,,,,7.621576660587618e-06,,0.0,,,,,,,,,,,,,,,,,4.690201021900073e-06,0.0,,,,,,1.93470792153378e-05,,,,4.221180919710066e-07,
12,CAMX,OTH,,,,,,,,,,,,,,,,,,,,,,,,,,,,,,,,,,,,,,,,,,,,,,,,,,,,,,,,,,,,,,,,,,,,,,,,,,,,,,,,,,,,,,,,,,,,,,,,,,,,,,,,,,,,,,,,,,,,,,,,,,,,,,,,,,,,,,,,,,,,,,,,,,,,,,,,0.002801975308641975,,,,,,,,,,,,,,,,,,,,,,,,,,,,,,,,,,,
13,CAMX,PRG,,,,,,,,,,,,,,,,,,,,,,,,,,,,,,,,,,0.0,,0.0,,,0.0,,,,,0.0,,,,,,,,,,,,0.0,,,,,,,0.0,,,0.0,,,,,,,9.475304986379248e-11,0.0,,,,,,,,,,,,,,0.0003584192032847724,,,5.376288049271586e-06,,,,,,0.0,,,,,,,,,,,,,,,,,,,,,,,,,,,,,,,,,,,,0.0,,,,,,,,0.0,,,,,,,,0.0,,,0.014336768131390894,,,,0.0,,8.96048008211931e-06,,,,,,,,,,,,,,,,,,0.0,,,,,,0.0008960480082119309,,,,0.0,
14,CAMX,SUN,,,,,,,,,,,,,,,,,,,,,,,,,,,,,,,,,,,,,,,,,,,,,,,,,,,,,,,,,,,,,,,,,,,,,,,,,0.0,,,,,,,,,,,,,,,,,,,,,,,,,,,,,,,,,,,,,,,,,,,,,,,,,,,,,,,,,,,,,,,,,,,,,,,,,,,,,,,0.0,,,,,,,,,,,,,,,,,,,,,,,,,,,,,,,,,,,
15,CAMX,WDS,,,,,,,,,,,,,,,,,,,,,,,,,,,,,,,,,,,,,,,,,,,,,,,,,,,,,,,,,,,,,,,,,,,,,,,,,0.0,,,,,,,,,,,,,,,,,,,,,0.0,,,,,,,,,,,,,,,,,,,,,,,,,,,,,,,,,,,,,,,,,,,,,,,,,,,,,,,,,,0.0,,,,,,,,,,,,,,,,,,,2.5749888465900772e-05,,,,,,,,,,,,,,,,
16,CAMX,WH,,,,,,,,,,,,,,,,,,,,,,,,,,,,,,,,,,,,,,,0.0,,,,,,,,,,,,,,,,,,,,,,,,,,,,,,,,,,0.0,,,,,,,,,,,,,,,,,,0.0,,,0.0,,,0.0,,,,,,,,,,,,,,,,,,,,,,,,,,,,,,,,,,,,0.0,,,,,,,,,,,,,,,,,,,0.0,,,,,,,,,,,,,,,,,,,,,,,0.0,,,,,,,,,,,,
17,ERCT,BLQ,,,,,,,,,,,,,,,,,,,,,,,,,,,,,,0.0,,,,,,,,,,,,,,,,,,0.0001203004554257033,,,,,,,,,,,0.0,,,,,,,,,,,,,,0.0,,,,,,,,,,,,,0.0005160256377470957,,0.0009518509718770559,,,,,,0.00018942045393783986,,0.09173648413216877,1.1924518827284625e-06,,,,,,,,,,,,,,0.16337646060532796,,0.0,,,,,,,,,,,,,,,,,,,,,,,,,,,,,,,,,,0.002938919020706875,,,0.00475925485938528,0.0015290821044898603,0.06689655062106675,,,,,,,,0.0,,,,,,,,0.0013285813454470216,,,,,,,0.022886634011163625,,,,,,,0.0,,,,,
18,ERCT,DFO,,,,,,,,,,,,,,,,,,,,,,,,,,,,,,,,,,,,,,,,,,,,,,,,,,,0.020905023129251698,0.03480053333333334,,,,,,,,,,,,,,,,,,,,,,,,,,,,,,,,,,,,,,,,,,0.011147287074829931,,,,,,,,,,,,,,,,,,,,,,,,,,,,,,,,,,,,,,,,,,,,0.03480053333333334,,,,,,,,,,,,,,,,,,,,,,,,,,,,,,,,,,,,,,,,,,,,,,,,,
19,ERCT,LIG,,,,,,,,,,,,,,,,,,,,,6.674649228743635e-09,,,,,,,,,5.562207690619695e-09,3.3373246143718174e-08,,,0.0,,,0.0,,,,,,,,,,,,,,1.6719423813130017e-06,0.0,8.843058971316992e-07,,,,,,,,,,,,,,,,,,,,0.0,,,,,,,,,,,,,,0.0,,,,0.0,,,1.7000256058733632e-06,,2.1889663830364766e-08,8.457622280387945e-08,,,,,,,,,,,,6.674649228743635e-09,,,,,,,,,,,,,,,,,,,,,,,,,,,,,6.674649228743635e-09,,,,,3.3373246143718174e-08,,,,0.0,,,6.674649228743635e-09,,0.0,,,,,,,,0.0,,,,,,,,,,,,,,,,0.0,,,,,,,,,,,
20,ERCT,NG,1.7402399040629112e-07,3.4804798081258224e-07,0.000169151318674915,8.701199520314556e-07,,3.774528554344194e-05,0.0,0.0,,8.701199520314556e-08,,,0.00031254708676969884,7.495580049761979e-06,,0.0,0.0015977142559201586,3.4804798081258224e-07,0.0,0.0,0.0,0.0,0.0,0.0,0.0,0.0,0.0,0.0,1.626055462412396e-05,3.5567579138920977e-06,,,0.0,0.0,1.1601599360419408e-07,4.837637474179645e-06,3.69452931632556e-06,1.705435105981653e-07,1.626055462412396e-05,,,0.0004240964646201315,,0.0,0.0,0.0,,,,0.0,6.927019731916463e-06,1.341624100889411e-05,0.0002362212673316125,2.4171546255172463e-05,,1.4083062830372346e-05,6.083393646098574e-06,,8.27379941284375e-05,,,0.0009807990139762777,4.471144943163399e-06,0.0,0.0,1.7603828537965429e-06,0.0,0.0,1.672363711106716e-05,,,,4.502207503826135e-08,0.0,0.0,0.0011094029388401057,0.0,7.8310795682831e-07,,6.786935625845353e-06,1.7402399040629112e-07,1.6617208421850017e-05,1.4792039184534743e-06,0.00019107834146610763,9.223271491533428e-05,0.004408846976117836,0.0,7.366732932989048e-07,0.0,,7.041531415186171e-07,,3.164565178547229e-05,2.095613056572996e-05,0.0,7.907172552362914e-06,1.9913317027509e-06,,0.0,0.0,4.176575769750987e-06,,1.1485583366815213e-05,1.367167176826442e-05,,,0.0,0.0,0.00021390073346214968,,0.5072231353758907,,0.0,,0.0,,0.0038328783886985617,,,,0.0,0.0,,,,,0.0,,0.0,,0.00039825390204479725,2.0708854858348645e-05,0.0,5.742791683407607e-05,0.0001251232491021233,0.0,,,,,0.0,0.0,,,,0.0,0.0,0.0,2.4198769720664022e-05,0.0003765929132340151,3.045419832110095e-07,0.003871670855272789,,,,1.2861441711448565e-05,,4.841052847940493e-06,0.00023823884286621253,0.0008114653817200178,,,,0.0,0.0,9.199530762701355e-06,3.886535785740502e-06,0.0011226810309628694,0.0,0.0,6.595509236398434e-05,0.0,2.439919968943172e-05,0.0,0.0013464112581444115,1.4512485001867665e-05,,0.0,2.552555138004987e-05,3.5207657075930857e-06,2.1680739498831947e-05,6.191695346148451e-05,,0.0,0.0,8.727559374299022e-06,
21,ERCT,OTH,,,,,,,,,,,,,,,,,0.0,,,,,,,,,,,,,,,,,,,,,,,,,,,0.0,,,,,,,,,,,,0.0,,,,,,,,,,0.0,,0.0,,,,,,,,,,,,0.0,,,0.0,,,,,0.0,0.0,,0.0,,,,,,3.2993167611571446e-05,,,,,,,,,,,0.0,,,,,,,0.0,,,,,,,0.0,,,,,,,,,,,0.0,,,,,,,,0.0,0.0,,,,0.0,0.0,0.0,0.0,,0.0,0.0,,,,0.0,,,,,,,,,,,0.0,,,,0.0007588428550661433,,,,0.0,,,,,,,0.0,,,0.0,0.0,
22,ERCT,PC,,,,,,,,,,,,,,,,,,,,,,,,,,,,,,,,,,,,0.0,,,0.0,,,,,,,,,,,,,,,,,,,,,,,,,,,,,,,,,,,0.0,,,,,,,,,,,,,,0.0,,,,,,,,,,,,,,,,,,,,,,,,,,,,,,,,,,,,,,,,,,,,,0.0,,,,,,,,,,,,,,,,0.0,,,,,,,0.0,,,,,,,,,,,,,,,,,,,,0.0,,,,,1.0594221164169351e-05,,,,,0.0,
23,ERCT,PRG,,,,,,,,,,,,,,,,,,,0.0,0.0010839077981035768,,,,,,,,,0.0,,,,,6.301789523858004e-06,,5.545574780995045e-06,,,0.0,,,0.0,,0.0,0.0,,,,,,,,,,,0.0,,,,,,,0.0,,0.0,5.545574780995045e-06,,,,,,,0.0,0.0,,0.0,,,,,,1.2603579047716009e-05,,,,,0.0,0.0,,,5.545574780995045e-06,,,1.7624004701722883e-05,,,2.100596507952668e-06,,,,,,,,,,,,0.00018695308920778746,,0.2541826804448126,,,,,,0.0,,,,,,,,,,,,,,,,0.0,,,,,,,,0.0,0.0,,,,,,,0.0,,,0.001525033064773637,,,,5.545574780995045e-06,,,,0.0009452684285787007,,,,,,,0.0012183459746125474,,,,,,,,5.545574780995045e-06,0.0,,,,,,0.0,,,,5.545574780995045e-06,
24,ERCT,PUR,,,,,,,,,,,,,,0.0,,,,,,,,,,,,,,,,,,,,,,,,,,,,,,,0.0,0.0,,,,,,,,,,,,,,,,,,,,,,,,,,,,0.0,,,,,,,,,,,,,,,,,,,,,,,,,,,,,,,,,,,0.0,,,,,,,,,,,,,,,,,,,,,,0.0,,0.0,,,,,,,,,,,,,,,0.0,,,0.0,,,,,,,,,,,,,,,,,,,0.0,,,,,,,,,,,,,,,,,
25,ERCT,SUB,,,,,,,,,,,,,,,,,,,,,3.439450520196378e-07,,,,,,,,,6.314551754719941e-06,,,,,,,0.0,,0.0,,,,,,,,,,0.0,,8.984051601946706e-07,1.9596462337584125e-07,2.5301212967779883e-05,,,,,,,,,,,,,,,,,,,,0.0,,,,,,,,,,,,,,0.0,,,,,,,4.334148950172875e-07,,8.707226829950808e-06,4.566768832912038e-10,,,,,,,,,,,,2.85837661941303e-06,,,,,,,,,,,,,,,,,,,,,,,,,,,,,1.2507301804234496e-07,,,,,1.2507301804234496e-07,,,,0.0,,,7.746450792377339e-07,,1.0801405144301291e-07,,,,,,,0.0,0.0,,,,,,,,,,,,,,0.0,,0.0,,,,,,,,,,,
26,ERCT,WH,,,,,,,,,,,,,,,,0.0,0.0,,,,,0.0,0.0,,0.0,0.0,0.0,,,,,,,,,,,,,,,,,,,,,,,,,,,0.0,,,,,,,,,,,0.0,,,,,,,,,,,,,,,,,,,,,,,,0.0,,,,,,,,,,0.0,,,,,,,,,,0.0,,0.0,,,,,,,,,,,0.0,,,,,,,,,,,0.0,,,,,,,,,,,,,,0.0,,,,0.0,0.0,,,,0.0,,,,0.16513682679823422,,,,,,,,,,,,,,,0.0,,,,,,,,,,,,
27,FRCC,BIT,,,,,,,,,,,,,,,,,,,,,4.383842168830591e-06,,,,,,,,,3.990165600548884e-05,0.0,,,0.0,,,,,0.0,,,,,,,,,,,,3.3712447678760196e-06,4.806180380586764e-05,7.155984120608615e-05,,,,,,,,,,,,,,,,,,,,0.0,,,,,,,,,,,,,,0.0,,,,0.0,,,1.0832848754591784e-06,,2.2898457750391106e-05,1.3690953024302338e-08,,0.00017897615587741372,,,,,,,,,,6.964932465988575e-05,,,,,,,,,,,,,,,,,,,,,,,,,,,,,0.0,,,,,7.941788954446828e-06,,,,7.793327907743301e-06,,0.0,4.222620782617525e-05,,0.0003160690743417511,,,0.0,,,,,0.0,,,,,,,,,,,6.137751911342982e-07,,,3.938390809778414e-08,,0.0,,,,,,,,,,,
28,FRCC,BLQ,,,,,,,,,,,,,,,,,,,,,,,,,,,,,,0.0,,,,,,,,,0.0,,,,,,,,,3.8739557157081216e-05,,,,,,,,,8.03487111406129e-05,,0.0,,,,,,,,,,,,,,4.2356139269514647e-10,,,,,,,,,,,,,0.0010000544940179854,,0.0015223211164319694,,,,,,0.0001377406476696221,,0.05026672760893273,,,,,,,,,,,,,,,0.24811682000221266,,,,,,,,,,,,,,,,,,,,,,,,,,,,,,,,,,,,,,,0.004379004757163403,0.01068494378328829,0.07656227812811152,,,,,,,,0.0,,,,,,,,0.0018853251149779527,,,,,,,0.0,,,,,,,0.0,,,,,
29,FRCC,DFO,,,,,,,,,,,,,,,,,,,,,,,,,,,,,,,,,,0.0,,,,,,,,,,,,,,,,,,,,,,,,,,,,,,,,,,,,,,,,,,,,,,,,,,,,,,,,,0.0,,,,,,,,,,,,,,,,,,,,,,,,,,,,,,,,,,,,,,,,,,,,,,,,,,,,,,,,,,,,,,,,,,,,,,,,,,,,,,,,,,,,,0.0,,,,,,,,,,,
30,FRCC,NG,,,,,,,,,,,,,,,,,,,,,,,,,,,,,,0.0,,,,0.0,,,,,0.0,,,,,,,,,1.0902016668134402e-05,,,0.0,,,,,,,,0.0,,,,,,,,,,,,,,0.0,,,,,,,,,,,,,,0.0,9.085013890112002e-05,,,0.0,,,0.0002387541650321434,,0.0,1.0429595945848579e-07,,,,,,,,,,,,,,0.029612915740148228,,,,,,,,0.0,,,,,,,,,,,,,,,,,,,,,,,,,,,,0.0005821676900783771,,,0.0016829079730043472,0.022744513974173198,0.0008495221107254455,,,,,,0.0,,,,,0.0,,,,,0.0,,,2.416152554197566e-05,,,6.362926022583395e-07,0.004564068711355199,0.0,,0.0,,,,0.0,,,,,
31,FRCC,NUC,,,,,,,,,,,,,,,,,,,,,,,,,,,,,,,,,,,,,,,0.0,,,,,,,,,,,,,,0.0,,,,,,,,,,,,,,,,,,,,,,,,,,,,,,,,,,,,,,,0.0,,,,,,,,,,,,,,,,,,,,,,,,,,,,,,,,,,,,,,,,,,,,,,,,,,,,,,,,,,,,0.0,,,,,,,,,,,,,,,,,,,0.0,,,,,0.0,,,,,,,,,,,
32,FRCC,OTH,,,,,,,,,,,,,,,,,,,,,,,,,,,,,,,,,,,,,,,,,,,,,,,,,,,,,,,,,,,,,,,,,,,,,,,,,,,,,,,,,,,,,,,0.0,0.0004080058025836187,,,,,,0.0,,,0.0,,,,,,,,,,,,,,,,,,,,,,,,,,,,,,,,,,,,,,,,,,,,,,,,,,0.0,,,0.0,,4.8482814130637696e-05,,,,,,,,,,,,,,,,,,,,,,,,,,,,,,,,,,,
33,FRCC,SGC,,,,,,,,,,,,,,,,,,,,,,,,,,,,,,1.3051592391820984e-05,,,,,,,,,,,,,,,,,,,,,1.3317951420225496e-06,,,,,,,,,,,,,,,,,,,,,,,,,,,,,,,,,,,,0.0,0.0,,,,,,7.990770852135296e-08,,3.196308340854119e-05,2.663590284045099e-08,,,,,,,,,,,,1.5981541704270594e-05,,,,,,,,,,,,,,,,,,,,,,,,0.0,,,,,,,,,,,,,,0.0,,,3.729026397663139e-06,,1.0121643079371376e-05,,,,,,,,,,,,,,,,,,,,,,,,,,,,,,,,,,,
34,FRCC,WAT,,,,,,,,,,,,,,,0.0064043561399203175,,,,,,,,,,,,,,,,,,,,,,,,,,,,,,,,,,,,,,,,,,,,,,,,,,,,,,,,,,,,,,,,,,,,,,,,,,,,,,,,,,,,,,,,,,,,,,,,,,,,,,,,,,,,,,,,,,,,,,,,,,,,,,,,,,,,,,,,,,,,,,,,,,,,,,,,,,,,,,,,,,,,,,,,,,,,
35,FRCC,WH,,,,,,,,,,,,,,,,,,,,,,,,,,,,,,,,,,,,,,,,,,,,,,,,,,,0.0,,1.790301966727822e-05,,,,,,,,,,,,,,,,,,,,,,,,,,,,,,,,,,0.0,8.183213370604602e-05,,,,,,2.576837163614561e-06,,,7.527838904941413e-07,,,,,,,,,,,,,,0.005910361656792023,,,,,,,,,,,,,,,,,,,,,,,,,,,,,,,,,,,,0.0,,,0.00019713437386441185,,0.00011423278736122712,,,,,,,,,,,,,,,,,,,,,,,,,,,,,,,,,,,
36,HIMS,DFO,,,,,,,,,,,,,,,,,,,,,,,,,,,,,,,,,,,,,,,0.0,,,,,,,,,,,,,,,,,,,,,,,,,,,,,,,,,,0.0,,,,,,,,,,,,,,,,,,,,,0.0,,,,,,,,,,,,,,,,,,,,,,,,,,,,,,,,,,,,,,,,,,,,,,,,,,,,,,,,,,0.0,,,,,,,,,,,,,,,,,,,,,,,,0.0,,,,,,,,,,,
37,HIMS,OTH,,,,,,,,,,,,,,,,,,,,,,,,,,,,,,,,,,,,,,,,,,,,,,,,,,,,,,,,,,,,,,,,,,,,,,,,,,,,,,,,,,,,,,,,,,,,,,,,,,,,,,,,,,,,,,,,,,,,,,,,,,,,,,,,,,,,,,,,,,,,,,,,,,,,,,,,0.0,,,,,,,,,,,,,,,,,,,,,,,,,,,,,,,,,,,
38,HIMS,RFO,,,,,,,,,,,,,,,,,,,,,,,,,,,,,,,,,,,,,,,0.0,,,,,,,,,,,,,,,,,,,,,,,,,,,,,,,,,,,,,,,,,,,,,,,,,,,,,,,0.0,,,,,,,,,,,,,,,,,,,,,,,,,,,,,,,,,,,,,,,,,,,,,,,,,,,,,,,,,,,,,,,,,,,,,,,,,,,,,,,,,,,,,,,,,,,,,
39,HIMS,WO,,,,,,,,,,,,,,,,,,,,,,,,,,,,,,,,,,,,0.0,,,,,,,,,,,,,,,,,,,,,,,,,,,,,,0.0,,,,,,,,,,,,,,,,,,,,,,,,,0.0,,,,,,,,,,,,,,,,,,,,,,,,,,,,,,,,,,,,,,,,,,,,,,,,,,,,,,,,,,0.0,,,0.0,,,,0.0,,,,,,,,,,,,,,,,,,,,,,,,,,,,,,0.0,
40,HIOA,BIT,,,,,,,,,,,,,,,,,,,,,,,,,,,,,,0.0,,,,,,,,,,,,,,,,,,,,,,,,,,,,,,,,,,,,,,,,,,,0.0,,,,,,,,,,,,,,,,,,,,,0.0,,,0.0,,,,,,,,,,,,,,,,,,,,,,,,,,,,,,,,,,,,,,,,,,,,,,,,,,0.0,,,0.0,,0.0,,,,,,,,,,,,,,,,,,,,,,,,,,,,,,,,,,,
41,HIOA,OBL,,,,,,,,,,,,,,,,,,,,,,,,,,,,,,,,,,,,,,,,,,,,,,,,,,,,,,,,,,,,,,,,,,,,,,,,,,,,,,,,,,,,,,,,,,,,,,,,,,,,,,,,,,,,,,,,,,,,,,,,,,,,,,,,,,,,,,,,,,,,,,,,,,,,,,,,,,,,,,,,,,,,,,,,,,,,,,,,0.0,,,,,,,,,,,
42,HIOA,RFO,,,,,,,,,,,,,,,,,,,,,,,,,,,,,,,,,,,,,,,0.0,,,,,,,,,,,,,,,,,,,,,,,,,,,,,,,,,,0.0,,,,,,,,,,,,,,,,,,,,,3.232554021773112e-07,,,1.7169908026455398e-08,,,,,,,,,,,,3.4339816052910793e-07,,,,,,,,,,,,,,,,,,,,,,,,,,,,,,,,,,,,,,,,,,,,,,,,,,,,,,,,,,,,,,,,,0.0,,0.0,,,,,,,,,,,
43,HIOA,WO,,,,,,,,,,,,,,0.0,,,,,,,,,,,,,,,,,,,,0.0,,0.0,,,0.0,,,,,,,,,,,,,,,,,0.0,,,,,,,,,,0.0,,,,,,,,0.0,,,,,,,,,,0.0,,,,0.0,,,0.0,,,2.46791036658327e-11,,,2.4688349831393447e-09,,0.0,,,,,,,,,,2.4688349831393447e-09,,,,,,,,,,,,,,,,,,,,,,,,0.0,,,,,,,,,,,,,,,,0.0,,,0.0,,,,0.0,,,,,,,,,,,,,,,,,,,,0.0,,,,,,,,,,0.0,
44,MROE,BIT,,,,,,,,,,,,,,,,,,,,,,,,,,,,,,0.0008979528630987833,,,,,,,,,0.0,,,,,,,,,,,,0.001234715492766189,,,,,,,,,,,,,,,,,,,,,,1.382625712584021e-13,,,,,,,,,,,,,,0.0,7.724325704075555e-05,,,,,,7.0101342859629e-05,,,0.0,,,,,,,,,,,,0.00021241895686207774,,0.18345273547179444,,,,,,,,,,,,,,,,,,,3.0897302816302215e-07,,,,,,,,,,,,,,,,,0.00014483110695141669,,0.0,0.0019310814260188889,,0.006978109609818206,,,,,,0.0,,0.0,,,,,,,,,,,0.0006146416425242474,,,,0.00014483110695141669,,,,,,,,,,,0.0,
45,MROE,BLQ,,,,,,,,,,,,,,,,,,,,,,,,,,,,,,0.0,,,,,,,,,4.279004247387181e-06,,,,,,,,,3.222457191234783e-05,,,,,0.0006989592155270764,,,,,,4.036796459799227e-09,,,,,,,,,,,,,,3.7951388641855856e-10,,,,,,,,,,,,,0.002339727228099632,,8.154524181149226e-05,,,,,,0.0003425623729661296,,0.009549018857956925,9.419191739531531e-08,,,,,,0.0,,,,,,,,0.08578135826923211,,,,,,,,,,,,,,,,,,,,,,,,,,,,,,,,,,,,,,,0.005102664960517705,0.0013658342140092327,0.00990667727817081,,,,,,,,0.002949955295228035,,,,,,,,7.024025840050656e-05,,,,,,,0.0042890679134616055,,,,,,,6.358211483069586e-06,,,,,
46,MROE,DFO,,,,,,,,,,,,,,,,,,,,,,,,,,,,,,,,,,,,,,,,,,,,,,,,,,,,,,,,,,,,,,,,,,,,,,,,,,,,,,,,,,,,,,,,,,,,,,,,,,,,,,,,,,,,,,,,,,,,,,,,,,,,,,,,,,,,,,,,,,,,,,,,,,,,,,,,,,,,,,,,,,,,,,,,,,,,,,,,,,,,,,,,,,,
47,MROE,NG,,,,,,,,,,,,,,,,,,,,,,,,,,,,,,,,,,,,,,,,,,,,,,,,,,,,,,,,,,,,,,,,,,,,,,,,,,,,,,,,,,,,,,,,,,,,,,0.0,,,,,,,,,,,,,,,,,,,,,,,,,,,,,,,,,,,,,,,,,,,,,,,,,,,,,,,,,,1.6759748033610439e-06,,,,,,,,,,,,,,,,,,,,,,,,0.0,,,,,,,,,,,
48,MROE,PC,,,,,,,,,,,,,,,,,,,,,,,,,,,,,,8.492052108732393e-08,,,,,,,,,,,,,,,,,,,,,2.8306840362441303e-07,,,,,,,,,,,,,,,,,,,,,,,,,,,,,,,,,,,,,,,,,,,2.8306840362441304e-09,,8.492052108732393e-08,1.132273614497652e-09,,,,,,,,,,,,2.8306840362441303e-07,,,,,,,,,,,,,,,,,,,,,,,,,,,,,,,,,,,,,,1.755024102471361e-06,,,,,,,,,,,,,0.0,,,,,,,,,,,,,,,,,,,,,,,,,,,
49,MROE,PUR,,,,,,,,,,,,,,,,,,,,,,,,,,,,,,,,,,,,,,,,,,,,,,,,,,,,,,,,,,,,,,,,,,,,,,,,,,,,,,,,,,,,,,,,,,,,,,0.0,,,0.0,,,,,,,,,,,,,,,,,,,,,,,,,,,,,,,,,,,,,,,,,,,,,,,,,,,,,,0.0,,,,,,,,,0.0,,,,,,,,0.0,,,,,,,0.0,,,,,,,,,,,,
50,MROE,SUB,,,,,,,,,,,,,,,,,,,,,,,,,,,,,,8.032779391179704e-05,,,,,,,,,0.0,,,,,,,,,,,,6.337799629997158e-07,,1.5717019727598612e-05,,,,,,,,,,,,,,,,,,,,0.0,,,,,,,,,,,,,,0.0,,,,,,,7.465589647186749e-07,,3.773138354200061e-05,2.0851660974777402e-08,,,,,,,,,,,,,,,,,,,,,,,,,,,,,,,,,,,,,,,,,,,,,,,,,,4.566029271075766e-06,,,3.194774752454067e-05,,0.0,,,,,,,,,,,,,,,,,,,,,,,0.0,0.0,,,,,,,,,,,
51,MROE,WAT,,,,,,,,,,,,,,,,,,,,,,,,,,,,,,0.0,,,,,,,,,,,,,,,,,,,,,,,,,,,,,,,,,,,,,,,,,,,0.0,,,,,,,,,,,,,0.0,,,,,,,,0.00012254859611231104,,0.20307994335678953,1.727350147472073e-07,,,,,,,,,,,,,,,,,,,,,,,,,,,,,,,,,,,,,,,,,,,,,,,,,,,,,0.0,0.0,0.0020774264073712815,,,,,,,,0.0,,,,,,,,0.0,,,,,,,0.11671256315752805,,,,,,,,,,,,
52,MROE,WDS,,,,,,,,,,,,,,,,,,,,,,,,,,,,,,0.0,,,,,,,,,,,,,,,,,,,,,,,,,,,,,,,,,,,,,,,,,,,0.0,,,,,,,,,,,,,,,,,,,,,0.0003763452728166475,,0.048318716696706544,,,,,,,,,,,,,,,,,,,,,,,,,,,,,,,,,,,,,,,,,,,,,,,,,,,,,,,0.0,,,,,,,,,,,,,,,,,,,,,,,7.437653612977224e-07,0.0,,,,,,,0.0,,,,,
53,MROW,AB,,,,,,,,,,,,,,,,,,,,,,,,,,,,,,,,,,,,,,,,,,,,,,,,,,,,,,,,,,0.0,,,,,,,,,,,,,,,0.0,,,,,,,,,,,,,,,,,,0.0,,,0.0,,,,,,,,,,,,,,,,,,,,,,,,,,,,,,,,,,,,,,,,,,,,,,,,,,,,,,,,,,,,,,,,,,,,,,,,,,,,,,,,,,,,,,,,,,,,,
54,MROW,BIT,,,,,,,,,,,,,,,,,,,,,,,,,,,,,,0.00041269027621439083,,,,,,,,,,,,,,,,,,,,,,,,,,,,,,,,,,,,,,,,,,,0.0,,,,,,,,,,,0.0,,,0.0,,,,,,,1.4411406470978728e-06,,,5.240511443992264e-09,,,,,,,,,,,,,,0.0,,0.0,,,,,,,,,,,,,,,,,,,,,,,,,,,,,,,,,,,,,0.0,,7.860767165988398e-05,,,,,,,,,0.0,,0.0,,,,0.0,,,,,,0.0,,,,0.0,,,,,,,,,,
55,MROW,BLQ,,,,,,,,,,,,,,,,,,,,,,,,,,,,,,0.00380240231884058,,,,,,,,,,,,,,,,,,3.8251135305586116e-05,,,,,,,,,,,0.0,,,,,,,,,,,,,,0.0,,,,,,,,,,,,,0.0016865639567228417,,0.00016175495311167946,,,,,,5.510503665814151e-05,,0.052391306376743475,6.733340153452685e-07,,,,,,,,,,,,,,0.15589320897275996,,,,,,,,,,,,,,,,,,,,,,,,,,,,,,,,,,,,,,,0.0025982201495459993,0.004402263928449709,0.010750738664681353,,,,,,,,0.0,,,,,,,,0.0,,,,,,0.0,0.002875213640238704,,,,,,,1.5478942881500424e-06,,,,,
56,MROW,DFO,,,,,,,,,,0.0,,,,,,,,,,,,,,,,,,,,,,,,,,0.0,,,,,,,,,,,,,,,,,,,,,,,,,,,,,,0.0,,,,,,,,,,,,,,,,,,,0.0,,,,,,0.0,,,0.03878952727272727,,,,,,,,,,,,,,,,,278.73525,,,,,,,,,,,,,,,,,,,,,,0.0,,0.0,,,,,,,,,,,,,,0.0,0.10427891891891891,0.02701904761904762,2.6596875,,,,0.0,,,,,0.0,,1.1966981818181817,,,,0.0,,,,0.0,,0.07360864864864865,,0.0,0.0,0.012268108108108107,0.0,,,,,,,,0.0,
57,MROW,LIG,,,,,,,,,,,,,,,,,,,,,1.2301165781897416e-06,,0.0,,,,,,0.0,0.00015085440569646429,,,,,,0.0,,,0.0,,,,,,,,,0.0,,,1.8522525665765208e-06,0.0,8.586443859748278e-06,,,0.0,,,0.0,,,,,,0.0,,,,,,,,0.0,0.0,,,0.0,,,,,,,,,0.0,0.0,0.0,,,0.0,,,1.7920695335159796e-07,,0.00020744698763583517,1.3407431802775594e-08,,,,,,,,,,,,6.571969230813779e-07,,,,,,,,,,,,,0.0,,0.0,,,,,,,,,0.0,,,0.0,,0.0,,,,,,,,,2.323713307672911e-07,,0.0,1.7427849807546833e-07,,1.5938117620984132e-05,,,,0.0,,0.0,,0.0,,,,0.0,,,0.0,,,,,,,,0.0,0.0,,,0.0,,0.0,7.774691522431284e-08,,,,0.0,
58,MROW,NG,,,,,,,,,,,,,,,,,,,,,,,,,,,,,,,,,,,,,,,,,,,,,,,,,,,,,,,,,,,,,,,,,,,,,,,,,0.0,,,,,,,,,,,,,,,,,,0.0,,,6.248038540949759e-07,,,,,,,,,,,,,,,,,,,,,,,,,,,,,,,,,,,,,,,,,,,,,,,,,,,,,,,,,,0.0,,,,,,,,,,,,,,,,,,,0.0,,,,,0.0,,,,,,,,,,,
59,MROW,PRG,,,,,,,,,,,,,,,,,,,,,,,,,,,,,0.0,,,,,0.0,,0.0,,,0.0,,,,,0.0,,,,,,,,,,,,1.4633611657371288e-05,,,,,,,0.0,,0.0,0.0,,,,,,,0.0,0.0,,,,,,,,0.0,,0.0,,,0.0,1.4633611657371288e-05,,,0.0,,,3.5120667977691093e-05,,,1.4633611657371288e-06,,,,,,,,,,,,,,,,,,,,,,,,,,,,,,,,,,,,0.0,,,,,,,,,,,,,,,,1.4633611657371288e-05,,,0.005341268254940521,,,,0.0,,0.0,,,0.0,,,,,,,,,,,,0.0,,0.0,1.4633611657371288e-05,0.0,,,,1.4633611657371288e-05,8.780166994422773e-05,,,,7.316805828685644e-06,
60,MROW,PUR,,,,,,,,,,,,,,,,,,,,,,,,,,,,,,,,,,,,,,,,,,,,,,,,,,,,,,,,,,,,,,,,,,,,,,,0.0,,,,,,,,,,,,,,,,,,,,,,,0.0,,,0.0,,,,,,,,,,,,,,,,,,,,,,,,,,,,,,,,,,,,,,,,,,,,,,,,,,,,,,,,,,,,,,,,,,,,,,0.0,,,,,,,,0.0,,,,,,,,,,,,
61,MROW,RC,,,,,,,,,,,,,,,,,,,,0.0,0.0,,,,,,,,,2.760076290441467e-06,,,,,,,,,0.0,,,,,,,,,,,,4.0890019117651364e-07,8.689129062500914e-07,4.0890019117651364e-07,,,,,,,,,,,,,,,,,,,,0.0,,,,,,,,,,,,,,0.0,,,,,,,5.1112523897064205e-08,,1.3800381452207335e-06,0.0,,,,,,,,,,,,3.5778766727944944e-07,,,,,,,,,,,,,,,,,,,,,,,,,,,,,,,,,,,,,,0.0,,,4.0890019117651364e-07,,,,,,,,,,0.0,,,,,,,,,,,,,,,,,,,,,,,,,,,
62,MROW,SUB,,,,,,,,,,,,,,,,,,,,,6.226388417003084e-08,,,,,,,,,7.674160783420929e-05,,,,0.0,,,,,0.0,,,,,,,,,,,,4.5010011898788176e-07,0.0,0.0008505605995343866,,,,,,,,,,,,,0.0,,,,,,,0.0,,,,,,,,,,,,0.0,0.0,0.0,0.0007676412765845604,,,0.0,,,4.465780769107658e-06,,0.0008645081958484005,2.478443576802252e-07,,,,,,,,,,,,1.4186827330881423e-08,,3.1371599656127613,,,,,,,,0.0,,,,,,,,,,,,0.0,,,,,,,,,,,,,,,,4.4503937166941124e-06,,,0.00039982847563900195,0.0009623252266482289,0.043784047465838,,,0.00035511983514083717,0.0,,,,0.0,0.0001109746094662571,,,,,,3.841436650354749e-05,5.898192178624434e-05,,,8.906608766000008e-06,,,1.0830277390296438e-07,0.0020341062898236286,0.0,,,,,,,,,,0.0,
63,MROW,WDS,,,,,,,,,,,,,,,,,,,,,,,,,,,,,,0.0,,,,,,,,,0.0,,,,,,,,,,,,,,0.0035926987462352035,,,,,0.0,,,,,,,,,,,,,,,0.0,,,,,,,,,,,,,0.0,,,,,,,,0.0,,0.021138898928346292,2.743498153554182e-07,,,,,,,,,,,,,,,,,,,,,,,,,,,,,,,,,,,,,,,,,,,,,,,,,,,,,1.4497891624096468e-05,3.179379421447083e-05,0.009286921609207199,,,,,,,,,,,,,,,0.0,0.009967354486236604,,,0.0012399579743643623,,,1.4307207396511874e-07,0.19507082440288578,,,,,,,,,,,,
64,NEWE,BIT,,,,,,,,,,,,,,,,,,,,,,,,,,,,,,0.00011045671631253212,,,,,,,,,0.0,,,,,,,0.0,,,,,,,,,,,,,,,,,,,,,,,,,,,0.0,,,,,,,,,,,,,0.0,7.481007936852149e-07,,,,,,,2.453518600989355e-06,,1.1024423345134449e-05,5.5675573507346485e-08,,,,,,,,,,,,,,0.0,,,,,,,,,,,,,,,,,,,,,,,,,,,,,,,,,,,,4.5013701180689626e-05,0.0,,0.0,0.0,9.369744310472032e-05,,,,,,,,,,,,,,,,0.0,,,,,,,0.0,0.0,,0.0,,,,,,,,,
65,NEWE,BLQ,,,,,,,,,,,,,,,,,,,,,,,,,,,,,,0.001112364513182093,,,,,,,,,1.0088887445139913e-06,,,,,,,,,4.419061007464067e-05,,,0.000124170922401722,0.0,0.0005453646085583725,,,,,,0.0,,,,,,,,,,,,3.10427306004305e-06,,0.0,,,,,,,,,,,1.659117387708854e-05,,0.0048811960097091215,,7.120670533789933e-05,,,,,,9.548099958528343e-05,,0.06770608761315079,1.9218429764152858e-07,,,,,,,,,,,,0.000124170922401722,,0.05833540091084882,,,,,,,,,,,,,,,,,,,,,,,,,,,,,,,,,,,,0.001474529703520449,,,0.003142912274130004,0.00038964056551150954,0.014250207917409918,,,,,,,,0.0,,,,,,,,0.0006899261113418338,,,,,,,0.022398946371159644,0.0,,,,,,1.0285046837498773e-06,,,,,
66,NEWE,DFO,,,,,,,,,,,,,,,,,,,,,,,,,,,,,,,,,,0.0,,,,,,,,,,,,,,,,,,,,,,,,,,,,,,,,,,,,,,,,,,,,,,,,,,,,,,,,,,,,,,,,,,,,,,,,,,,,,,,,,,,,,,,,,,,,,,,,,,,,,,,,,,,,,,,,,,,,,,0.0,,,,,,,,,,,,,,,,,,,,,,,,,,,,,,,,,,,
67,NEWE,NG,,,,,,,,,,,,,,,,,,,,,,,,,,,,,,0.0,,,,0.0,,,,,1.932108881179901e-08,,,,,,,,,5.7058991210705516e-05,,,,,,,,,,,3.5455390455559694e-06,,,,,,,,,,,,,,0.0,,,,,,,,,,,1.731771887337027e-05,,0.007186807645341949,0.0,0.00019145910846002237,,,0.0,,,0.00023774221844637014,,0.09118309775851434,,,,,,,,,,,,,,,0.020914964357038077,,,,,,,,,,,,,,,,,,,,,,,,,,,,,0.0,,,,,,,,,,,0.006878345748378581,0.002552082533450727,,,,,,,,0.0,0.0008167166496371182,0.001007340687253419,,,,,0.0,0.001465489472163134,,,,,,,0.09004622997444853,0.0,0.0009411362423241231,0.0,,,,0.0,,,,,
68,NEWE,RFO,,,,,,,,,,,,,,,,,,,,,,,,,,,,,,,,,,0.0,,,,,0.0,,,,,,,,,,,,,,,,,,,,,,,,,,,,,,,,,,0.0,,,,,,,,,,,,,,,,,,,,,4.231433720713442e-06,,0.0,3.526194767261202e-07,,,,,,,,,,,,,,0.0,,,,,,,,,,,,,,,,,,,,,,,,,,,,,,,,,,,,,,,,,0.0,,,,,,,,,,,,,,,,,,,,,,,,0.0,,,,,,,,,,,
69,NEWE,SUB,,,,,,,,,,,,,,,,,,,,,,,,,,,,,,,,,,,,,,,0.0,,,,,,,,,,,,,,,,,,,,,,,,,,,,,,,,,,0.0,,,,,,,,,,,,,,,,,,,,,7.629924275623763e-07,,,5.994940502275812e-08,,,,,,,,,,,,,,,,,,,,,,,,,,,,,,,,,,,,,,,,,,,,,,,,,,,,,,,,,,,,,,,,,,,,,,,,,,,,,,,0.0,,,,,,,,,,,
70,NEWE,WAT,,,,,,,,,,,,,,,,,,,,,,,,,,,,,,,,,,,,,,,,,,,,,,,,,,,,,,,,,,,,,,,,,,,,,,,,,,,,,,,,,,,,,,,,,,,,,,,,,,,,,,,,,,,,,,,,,,,,,,,,,,,,,,,,,,,,,,,,,,,,,,,,,,,,,,,,,,,,,,,,,,,,,,,,,,,,,,,,,,,,,,,,,,,
71,NEWE,WDS,,,,,,,,,,,,,,,,,,,,,,,,,,,,,,,,,,,,,,,0.0,,,,,,0.004166471743594322,,,,,,,,,,,,,,,,,,,,,,,,,,,,0.0,,,,,,,,,,,0.0011346986876171771,,,,,,,,,,7.961365822185634e-06,,0.005159333095259352,3.7992143558610847e-08,,,,,,,,,,,,,,,,,,,,,,,,,,,,,,,,,,,,,,,,,,,,,,,,,,,,,0.0006382680117846621,,9.073427761586651e-07,,,,,,,,,,,,,,,,,,,,,,,,0.0,,,,,,,,,,,
72,NWPP,BIT,,,,,,,,,,,,,,,,,,,,0.0,0.0,,,,,,,,,1.1698908690063984e-05,0.0,,,,,,,,0.0,,,,,,,,,,,,7.428475070488033e-08,0.0,1.7828340169171278e-08,,,,,,,,,,,,,,,,,,,,0.0,,,,,,,,,,,,,,0.0,,,,,,,7.2799055690782725e-09,,4.614940137540691e-06,0.0,,,,,,,,,,,,5.633260261786758e-07,,,,,,,,,,,,,,,,,,,,,,,,,,,,,0.0,,,,,,,,,6.611342812734349e-07,,,1.4126483425711408e-06,,0.0,,,0.0,,,,,0.0,,,,,,,,,,,,,,0.0,0.0,0.0,,,,,,,,,,,
73,NWPP,BLQ,,,,,,,,,,,,,,,,,,,,,,,,,,,,,,0.0,,,,,,,,,0.0,,,,,,,,,0.00017013177557794406,,,0.0013437203780451137,,,,,,,,0.00015055296382285568,,,,,,,,,,,,,,3.208480143578083e-09,,,,,,,,,,,,,,,0.014662395620912769,,,,,,0.00035788779378694924,,0.13768056230384013,5.780944137236406e-07,,,,,,1.5269928413800529e-07,,,,,,0.0007091466707170024,,0.14949581706444223,,0.0,,,,,,,,,,,,,,,,,0.0,,,,,,,,,,,7.598000043396454e-05,,,,,,,,,0.00532679301173859,0.017378215276171508,0.08127847002198417,,,,,,,,0.009890766908343587,,,,,,,,0.002650474961314775,,,,,,2.65916813122437e-06,0.2060518295585625,1.1949382550300236e-07,,0.0,,,,0.0018263521429674485,,,,,
74,NWPP,NG,,,,,,,,,,,,,,,,,,,,,,,,,,,,,0.0,,,,,0.0,,0.0,,,0.0,,,,,0.0,,,,,,,,,,,,0.0,,,0.0,,,,0.0,,0.0,0.0,,,,,,,0.0,0.0,,,,,,,,0.0,,0.0,,,,0.0,,,0.0,,,0.0,,,0.0,,0.0,,,,,,,,,,0.0,,,,,,,,,,,,,,,,,,,,,,,,0.0,,,,,,,,,,,,,,,,0.0,0.0,,0.0,,,,0.0,,0.0,,,,,,,,,0.0,,,,,,,,0.0,0.0,,,,,0.0,0.0,,,,0.0,
75,NWPP,OTH,,,,,,,,,,,,,,,,,,,,,0.0,,,,,,,,,0.0,,,,,,,,,,,,,,,,,0.0,,,,0.0,,0.0,,,,,,,,,,,,,,,,,,,,,,,,,,,,,,,,,,0.0,,,,,,,0.0,,0.0,0.0,,,,,,,,,,,,0.0,,0.0,,,,,,,,,,,,,,,,,,,,,,,,,,,0.0,,,,,,,,,0.0,,,0.0,,0.0,,,,,,,,0.0,,,,,,,,,,,,,,0.0,,,,0.0,,,,,,,,,
76,NWPP,PRG,,,,,,,,,,,,,,,,,,,,,,,,,,,,,,,,,,,,,,,,,,,,,,,,,,,,,,,,,,,,,,,,,,,,,,,,,,,,,,,,,,,,,,,,,,,,,,,,,,,,,,,,,,,,,,,,,,,,,,,,,,,,,,,,,,,,,,,,,,,,,,,,,,,,,,,,,,,,,,,,,,,,,,,,,,,,,,,,,,,,,,,,,,,
77,NWPP,SUB,,,,,,,,,,,,,,,,,,,,0.0,0.0,,,,,,,,,7.408944041400442e-05,0.0,,,0.0,,0.0,0.0,,0.0,,,,,,,,,,,,3.885663458193987e-06,0.0,1.3555653088441775e-06,,,,,,,,,,,,,,,,,,,,0.0,,,,,,,,,,,,,,0.0,,,,,,,4.647419010150271e-07,,1.2469763794263434e-05,6.112347876931336e-09,,,,0.0,,,,,,,,3.5145760270878443e-06,,0.007728928060426854,,,,,,,,,,,,,,,,,,,,,,,,,,,0.0,,,,,0.0,,,,3.759364756535456e-06,,,5.660357546605832e-06,,0.0,,,,,,,0.0,0.0,,,,,,,0.0,,,,,,,,,0.0,,,,,,,,,,,
78,NWPP,WC,,,,,,,,,,,,,,,,,,,,,,,,,,,,,,0.0,,,,,,,,,,,,,,,,,,,,,0.0,,0.0,,,,,,,,,,,,,,,,,,,,0.0,,,,,,,,,,,,,,0.0,,,,,,,0.0,,0.0,0.0,,,,,,,,,,,,,,,,,,,,,,,,,,,,,,,,,,,,,,,,,,,,,,,,,,0.0,,,0.0,,,,,,,,,,,,,,,,,,,,,0.0,,,0.0,,,,,,,,,,,,,
79,NWPP,WDS,,,,,,,,,,,,,,,,,,,,,,,,,,,,,,,,,,,,,,,3.568689652013953e-06,,,,,,,,,0.00024370004263449602,,,,,0.0008973695338559358,,,,,,,,,,,,,,,,,,,,0.0,,,,,,,,,,,,,0.0004658971403306542,,0.002150294493833789,,,,,,8.027837628715567e-05,,0.06855174719871812,3.2135340486082184e-06,,,,,,,,,,,,,,0.13346552823808688,,,,,,,,,,,,,,,,,,,,,,,,,,,,,,,,,,,,,,,0.03752667730190595,0.0027475985198987304,0.0015231252664656002,,,,,,,,0.0,,,,,,,,0.0030462505329312004,,,0.0,,,,0.021752753213978866,6.929494469930005e-06,,,,,,0.0,,,,,
80,NYCW,DFO,,,,,,,,,,,,,,,,,,,,,,,,,,,,,,,,,,0.0,,,,,,,,,,,,,,,,,,,,,,,,,,,,,,,,,,,,,,,,,,,,,,,,,,,,,,,,,0.0,,,,,,,,,,,,,,,,,,,,,,,,,,,,,,,,,,,,,,,,,,,,,,,,,,,,,,,,,,0.0,,,,,,,,,,,,,,,,,,,,,,,,,,,0.0,,,,,,,,,,,
81,NYCW,NG,,,,,,,,,,,,,,,,,,,,,,,,,,,,,,,,,,0.0,,,,,0.0,,,,,,,,,,,,,,,,,,,,,,,,,,,,,,,,,,0.0,,,,,,,,,,,,,,,,,,0.0,,,,,,,,,,,,,,,,,,,,,,,,,,,,,,,,,,,,,,,,,,,,,,,,,,,,,,,,,,0.0,,,0.0,,,,,,,,,,,,,,,,,,,0.0,,,,,0.0,,,,,,,,,,,
82,NYCW,RFO,,,,,,,,,,,,,,,,,,,,,,,,,,,,,,,,,,,,,,,,,,,,,,,,,,,,,,,,,,,,,,,,,,,,,,,,,,,,,,,,,,,,,,,,,,,,,,,,,,,,,,,,,,,,,,,,,,,,,,,,,,,,,,,,,,,,,,,,,,,,,,,,,,,,,,,,,,,,,,,,,,,,,,,,,,,,,,,,,,,,,,,,,,,
83,NYLI,NG,,,,,,,,,,,,,,,,,,,,,,,,,,,,,,,,,,0.0,,0.0,,,,,,,,,,,,,,,,,,,,,,,,,,,,,,,,,,,,,,,,,,,,,,,,,,,,,,,0.0,,,,,,,,,,,,,,,,,,,,,,,,,,,,,,,,,,,,,,,,,,,,,,,,,,,,,,,,,,,,,0.0,,,,,,0.0,,,,,,,,,,,,,,,,0.0,0.0,0.0,,,,,,,,,,,
84,NYLI,RFO,,,,,,,,,,,,,,,,,,,,,,,,,,,,,,,,,,,,,,,0.0,,,,,,,,,,,,,,,,,,,,,,,,,,,,,,,,,,0.0,,,,,,,,,,,,,,,,,,,,,5.078558106594675e-07,,,,,,,,,,,,,,,,,,,,,,,,,,,,,,,,,,,,,,,,,,,,,,,,,,,,,,,,,,0.0,,,,,,,,,,,,,,,,,,,,,,,,,,,,,,,,,,,
85,NYUP,BIT,,,,,,,,,,,,,,,,,,,,,3.1529738376616322e-06,,0.0,,,,,,,7.939098018267756e-05,,,0.0,,,,,,,,,,,,,,,,,,9.273452463710685e-07,,1.5625132233375537e-06,,,,,,,,,,,,,,,,0.0,,,0.0,0.0,,,,,,,,,,,0.0,,2.283922821861173e-06,0.0,,,,,,,7.831893262102846e-06,,6.006980268367222e-05,3.466728042304556e-09,,,,,,,,,,,,7.878623586292281e-06,,0.0,,,,,,,,,,,0.0,,,,,,,,,0.0,,,,,,,,0.0,,,,,,,0.0,3.160406279226557e-05,,0.0,1.9207479623466514e-06,,0.00020870794797965108,,,,,,,,,,,,,,0.0,0.0,0.0,,,,,,,0.0,,,,,,,,,,,0.0,
86,NYUP,NG,,,,,,,,,,,,,,,,,,,,,,,,,,,,,,,,,,,,,,,0.0,,,,,,,,,,,,,,,,,,,,,,,,,,,,,,,,,,,,,,,,,,,,,,,,,,,,0.0,,,0.0,,,,,,,,,,,,,,,,,,,,,,,,,,,,,,,,,,,,,,,,,,,,,,,,,,,,,,,0.0,,,2.5175210229881198e-05,,,,0.0,,,,,,,,,,,,,,,,,,,,0.0,,,,,,,,,,,
87,NYUP,RFO,,,,,,,,,,,,,,,,,,,,,,,,,,,,,,,,,,,,,,,5.410959720583152e-08,,,,,,,,,0.0,,,,,,,,,,,,,,,,,,,,,,,,,0.0,,,,,,,,,,,,,0.005487831571272329,,0.00016341450966095514,,,,,,0.0001171027938826392,,0.0682245235144003,,,,,,,,,,,,,,,0.044810740794750274,,,,,,,,,,,,,,,,,,,,,,,,,,,,,,,,,,,,,,,0.00457353773240977,0.01831276777251185,0.04441978709442216,,,,,,,,0.0,,,,,,,,0.011902368209989064,,,,,,,0.02289044258111557,0.0,,,,,,0.0,,,,,
88,NYUP,SUB,,,,,,,,,,,,,,,,,,,,,,,,,,,,,,0.0002432564446065886,,,,,,,,,,,,,,,,,,,,,,,,,,,,,,,,,,,,,,,,,,,,,,,,,,,,,,,,,0.0,,,,,,,1.4797887008089834e-05,,,9.425405737636837e-08,,,,,,,,,,,,,,,,,,,,,,,,,,,,,,,,,,,,,,,,,,,,,,,,,,,,,,,0.0,,,,,,,,,,,,,,,,,,,,,,,,,,,,,,,,,,,
89,NYUP,WDS,,,,,,,,,,,,,,,,,,,,,,,,,,,,,,,,,,,,,,,0.0,,,,,,,,,,,,,,,,,,,,,,,,,,,,,,,,,,0.0,,,,,,,,,,,,,0.0,,0.000115159910027724,,,,,,0.00035883590521525345,,0.11464643929486844,,,,,,,,,,,,,,,4.592045932939269,,,,,,,,,,,,,,,,,,,,,,,,,,,,,,,,,,,,,,,,,0.06749320500078464,,,,,,,,0.0,,,,,,,,,,,0.0,,,0.0,0.016905949678296804,,,,,,,,,,,,
90,RFCE,BIT,,,,,,,,,,,,,,,,,,,,2.0480788111344256e-06,2.600601450218955e-06,,,,,,,,,1.4764663163349963e-05,7.877226196670869e-08,,,0.0,,,,,0.0,,,,,,,,,,,,1.3609640744137033e-06,1.4856967433813539e-06,1.2834268096716677e-06,,,,,,,,,,,,,,,,,,,,0.0,,,,,,,,,,,,,,0.0,,,,0.0,,,5.829237910242398e-07,,0.0006281137713095452,2.5555314733518588e-08,,0.0,,,,,,,,,,8.210767963312562e-06,,,,,,,,,,,,,,,,,,,,,,,,,,,,,3.404901627865822e-06,,,,,1.9693065491677173e-07,,,,2.798553911587102e-07,,,6.9427032890778415e-06,,4.468977547670103e-05,,3.2806963516953143e-06,,0.0,,,,,,1.882834427929485e-05,,,,,,,,,,,,,,0.0,,,,,,,,,,,
91,RFCE,BLQ,,,,,,,,,,,,,,,,,,,,,,,,,,,,,,0.0,,,,,,,,,,,,,,,,,,0.0,,,,,,,,,,,,,,,,,,,,,,,,,0.0,,,,,,,,,,,,,0.00021952446622410465,0.0,0.0,,,,,,5.3337585152887924e-05,,0.006542858114413744,1.7150348923758175e-07,,,,,,,,,,,,,,,,,,,,,,,,,,,,,,,,,,,,,,,,,,,,,,,,,,0.0005505262004526374,,,0.00045019665924865207,0.0006337053927328645,0.00019808653006940692,,,,,,,,0.0,,,,,,,,0.0001269125820358105,,,,,,,0.0,,,,,,,0.0,,,,,
92,RFCE,COG,,,,,,,,,,,,,,,,,,,,,,,,,,,,,0.0,,,,,,,,,,0.0,,,,,,,,,,,,,,,,,,,,,,,,,,,,,,,,,,,,,,,,,,,,,,,,,,,,,,,0.0,,,,,,,,,,,,,,,,,,,,,,,,,,,,,,,,,,,,,,,,,,,,,,,,,,,,,,,,,,,,,,0.0,,,,,,,,,,,,,,,,,,,,0.0,,,,,0.0,,,,,,
93,RFCE,DFO,,,,,,,,,,,,,,,,,,,,,,,,,,,,,,,,,,,,0.0,,,0.0,,,,,,,,,,,,,,,,,,,,,,,,,,,,,,,,,,,,,,,,,,,,,,,,,,,,,,,,,,,,,,,,,,,,,,,,,,,,,,,,,,,,,,,,,,,,,,,,,,,,,,,,,,,,,,,,,,,,,0.0,,,,,,,,,,,,,,,,,,,,0.0,,,,,,,,,,,
94,RFCE,KER,,,,,,,,,,,,,,,,,,,,,,,,,,,,,,,,,,,,,,,,,,,,,,,,,,,,,,,,,,,,,,,,,,,,,,,,,,,,,,,,,,,,,,,,,,,,,,,,,,,,,,,,,,,,,,,,,,,,,,,,,,,,,,,,,,,,,,,,,,,,,,,,,,,,,,,,,,,,,,,,,,,,,,,,,,,,,,,,,,,,,,,,,,,
95,RFCE,NG,,,,,,,0.0,,,,,0.0,,,,,,,,,,,0.0,,,,,,,,,,,0.0,,0.0,,,,,,,,,,,,,,,,,,,,,,,,,,,,,,,,,,,,,5.988563554628817e-12,,,,,,,,,,,,,,,,,,0.0,,,,,,,,,,0.0,,,,,,,,,,0.0,,,,,,,,,,,,,,,,,,,,,,,,,,,,,,,,,,,,,,,,,2.0906214761061422e-05,,,,0.0,,,,0.0,0.0,,,,,0.0,0.0,,,,1.4394198051492524e-07,,0.0,1.650134680975107e-08,0.0,0.0,0.0,,,,,,,,0.0,0.0,
96,RFCE,NUC,,,,,,,,,,,,,,,,,,,,,,,,,,,,,,,,,,,,,,,,,,,,,,,,,,,,,,,,,,,,,,,,,,,,,,,,,,,,,,,,,,,,,,,,,,,,0.0,,,,,,,,,,,,,,,,,,,,,,,,,,,,,,,,,,,,,,,,,,,,,,,,,,,,,,,,,,,,,,,,,,,,,,,,,,,,,,,,,,,,,,,,,,,,,,,
97,RFCE,OTH,,,,,,,,,,,,,,,,,,,,0.0,,,,,,,,,,,,,,5.749685767458175e-05,,0.0007961103370326705,,,0.0,,,,,0.0,,,,,,,,0.0,,,,,,,,,,,4.4228352057370575e-06,,0.0,8.845670411474115e-06,,,,,,,0.0,0.0,,,,,,,,0.0,,,,,,0.00035382681645896463,,,4.4228352057370575e-06,,,0.00023573711646578517,,0.0,0.0,,0.0,,,,,,,,,,0.0021671892508111587,,11.247712211709914,,,,,,,,,,,,,,,,,,,,,,0.0,,,,,,,,,5.749685767458175e-05,,,,,,,0.006191969288031882,0.002919071235786458,,0.00035382681645896463,,,,0.001592220674065341,,,,,,,,,,,0.0,,,,,,,,0.0,0.0011941655055490057,,,,,,4.4228352057370575e-06,,,,0.002521016067270123,
98,RFCE,PRG,,,,,,,,,,,,,,,,,,,,,,,,,,,,,,,,,,9.858396316566761e-05,,0.00019716792633133522,,,0.0,,,,,,,,,,,,,0.0,,,,,,,,,,,0.0,,0.0,0.0,,,,,,,,0.0,,,,,,,,0.0,,,,,0.0,0.0,,,0.0,,,,,,0.0,,0.0,,,,,,,,,,,,,,,,,,,,,,,,,,,,,,,,,,0.0,,,,,,,,0.0,,,,,,,,0.0009726951032345872,,,0.011304294442996554,,,,0.00019716792633133522,,,,,,,,,,,0.0,,,,,,,,0.0,0.00011830075579880115,,,,,,0.04027483508528074,,,,0.00019716792633133522,
99,RFCE,RFO,,,,,,,,,,,,,,,,,,,,,,,,,,,,,,,,,,,,,,,0.0,,,,,,,,,,,,,,,,,,,,,,,,,,,,,,,,,,0.0,,,,,,,,,,,,,,,,,,,,,,,,,,,,,,,,,,,,,,,,,,,,,,,,,,,,,,,,,,,,,,,,,,,,,,,,,,,,,,,8.330111109807465e-08,,,,,,,,,,,,,,,,,,,,,,8.330114629653529e-10,,,,,,,,,,,,,
100,RFCE,SUB,,,,,,,,,,,,,,,,,,,,,,,,,,,,,,6.4304116148277675e-06,,,,,,,,,,,,,,,,,,,,,,,,,,,,,,,,,,,,,,,,,,,,,,,,,,,,,,,,,,,,,,,,0.0,,0.0,0.0,,,,,,,,,,,,,,,,,,,,,,,,,,,,,,,,,,,,,,,,,,,,,,,,,,,,,,,0.0,,,,,,,,,,,,,,,,,,,,,,,,,,,,,,,,,,,
101,RFCE,WC,,,,,,,,,,,,,,,,,,,,,3.9431782154584416e-07,,,,,,,,,1.1623983086338609e-06,,,,0.0,,,,,0.0,,,,,,,,,,,,2.634257755720674e-06,0.0,1.7633627492681912e-05,,,,,,,,,,,,,,,,,,,,0.0,,,,,,,,,,,,,,0.0,,,,0.0,,,6.44677908758431e-07,,2.017779448133986e-05,2.266924360745046e-09,,,,,,,,,,,,9.668087783006983e-07,,,,,,,,,,,,,,,,,,,,,,,,,,,,,0.0,,,,,,,,,5.110321405025453e-07,,,1.2933227737631948e-05,,0.0,,,,,,0.0,,,,0.0,,,,,,,,,,,,0.0,,0.0,,,,,,,,,,,0.0
102,RFCM,BIT,,,,,,,,,,,,,,,,,,,,,,,,,,,,,,2.9183137981331393e-05,,,,,,,,,,,,,,,,,,,,,,,,,,,,,,,,,,,,,,,,,,,0.0,,,,,,,,,,,,,,0.0,,,,,,,7.454369558929911e-05,,,3.382375531634396e-07,,,,,,,,,,,,3.647892247666424e-06,,,,,,,,,,,,,,,,,,,,,,0.0,,,,,,,,,,,,,,,,0.0,,,1.641551511449891e-05,0.0,,,,,,,,,0.0,,,,,,,,0.0,,,0.0,,,0.0,0.0,,,,,,,,,,,,
103,RFCM,NG,,,,,,,,,,,,,,,,,,,,,,,,,,,,,,,,,,,,,,,,,,,,,,,,,,,,,,,,,,,,,,,,,,,,,,,,,0.0,,,,,,,,,,,,,,,,,,0.0,,,5.491455111931293e-06,,0.0,0.0,,,,,,,,,,,,,,0.0031354058501841496,,,,,,,,,,,,,,,,,,,,,,,,,,,,,,,,,,,,,,,0.005891097865795039,,0.0,,,,0.0,,,,,8.474049204052098e-05,,0.00020363994211287988,,,,0.0,,,,,,0.00016948098408104195,,,,8.539739507959478e-05,,,,,,,,,,
104,RFCM,NUC,,,,,,,,,,,,,,,,,,,,,,,,,,,,,,,,,,,,,,,,,,,,,,,,,,,,,,,,,,,,,,,,,,,,,,,,,,,,,,,,,,,,,,,,,,,,,,,,,,,,,,,,,,,,,,,,,,,,,,,,,,,,,,,,,,,,,,,,,,,,,,,,,,,,,,,,,,,,,,,,,,,,,,,,,,,0.0,,,,,,,,,,,,,,,,
105,RFCM,SUB,,,,,,,,,,,,,,,,,,,,,1.6110194584624357e-05,,,,,,,,,0.0001776112980411337,,,,,,,,,0.0,,,,,,,,,,,,7.202729842053103e-06,1.4542191655092516e-06,0.0001257548981437104,,,,,,,,,,,,,,,,,,,,0.0,,,,,,,,,,,,,,0.0,,,,,,,3.44137990372651e-06,,0.00012753987319512268,1.276768449968981e-07,,,,,,,,,,,,7.255645217505839e-06,,,,,,,,,,,,,,,,,,,,,0.0,,,,,,,,2.527069182590557e-05,,,,,,,,,3.324922649750412e-05,,,3.954012456245435e-05,,2.3742353722600027e-06,,,,0.0,,,,,,,,,,,,,,,,,,,,,,,,,,,,,,,
106,RFCW,BIT,,,,,,,,,,,,,,,,,,,,0.0,3.845895062364923e-05,,,,0.0,,,,,0.00014747815875458187,6.909424628373148e-08,,,0.0,,,,,0.0,,,,,,,,,0.0,,,7.202905612169009e-06,4.036898713171454e-06,0.00020370849944942532,,,,,,0.0,,,,,,,,,,,,,,9.947747020792945e-11,,,,,,,,,,,,,0.0,0.0,0.002256142456179483,,,0.0,,,4.4076958607252e-05,,0.000785229861925521,1.619356231159124e-07,,0.0,,,,0.0,,,,,,3.55938185871116e-05,,54.6594502992666,0.16305563899531716,,,,,,,,,,,,,,0.0,,,,,,,,,1.7582213270325755e-05,,,3.747161035676554e-05,,,,,4.7200705280509894e-07,,9.855223499361429e-05,,5.1790496898424524e-05,,,0.000166650400807359,0.0002917207383036859,0.0008168615586874188,,,,,,,,0.0004236664091083535,,,,,,,,0.0,,,0.0,,,4.14679903505313e-08,0.005076953326270005,0.0,,0.0,,,,1.5566876707745497e-05,,,,,
107,RFCW,BLQ,,,,,,,,,,,,,,,,,,,,,,,,,,,,,,0.009250543962484821,,,,,,,,,,,,,,,,,,4.707531653452286e-05,,,,,,,,,,,,,,,,,,,,,,,,,6.89079612651885e-10,,,,,,,,,,,,,0.00031198719578382807,0.0,0.0001672111370083659,,,,,,0.00013298660305994964,,0.03221402372904703,4.6466733754772413e-07,,,,,,,,,,,,,,,,,,,,,,,,,,,,,,,,,,,,,,,,,,,,,,,,,,0.00025521858727055687,,,0.0023756817926150237,0.0025325708921882816,0.004695370899405119,,,,,,,,0.0,,,,,,,,0.00031619400492815896,,,0.00010204265203605403,,,,0.028268972299872908,,,,,,,1.5017007389830024e-06,,,,,
108,RFCW,COG,,,,,,,,,,,,,,,,,,,,,,,0.0,,,,,,1.8251918569918664e-05,,,,,0.0,,1.0429667754239235e-05,,,1.8017251045448278e-05,,,,,,,,,,,,,,,0.028681586324157897,,0.0,,,0.0,,,,,,0.0,,,,,,,,,0.0,,,,,,,,,,,,,,0.0,,,,,,0.0,,,0.0,,,,,,,,,,,,,,7.040025734111484,,,,,,,,,,,8.865217591103349e-05,,0.0,,,,,,,,,0.0,,,,,,,,1.0429667754239235e-05,,,,,,,,2.8681586324157894e-05,,,0.0024744386746932585,,,,2.6074169385598088e-06,,0.0,,,,,,8.865217591103349e-05,0.0,,,,,,0.00016958639768392998,,,2.6074169385598084e-08,0.0,3.389642020127751e-05,,,,,1.8251918569918664e-05,0.00036503837139837325,,,,1.0429667754239235e-05,
109,RFCW,NG,,,,,,,,,,,,,,,,,,,,,,,,,,,,,,,,,,0.0,,,,,,,,,,,,,,,,,,,,,,,,,,,,,,,,,,,,,,,0.0,,,,,,,,,,,0.0,,,,,,,0.0,,,0.0,,0.0,0.0,,,,,,,,,,,,,,,,,,,,,,,,,,,,,,,,,,,,,,,,,,,,,,,,,,,,,0.0013272040398265926,0.012407060168643704,0.0,,,,,,,,,0.0,,0.0,,,,0.0,,,,,,0.0,,0.03450910707763645,0.0,0.001357189587426326,,,,,,,,,,
110,RFCW,NUC,,,,,,,,,,,,,,,,,,,,,,,,,,,,,,,,,,,,,,,,,,,,,,,,,,,,,,,,,,,,,,,,,,,,,,,,,,,,,,,,,,,,,,,,,,,,,,,,,,,,,,,,,,,,,,,,,,,,,,,,,,,,,,,,,,,,,,,,,,,,,,,,,,,,,,,,,,,,,,,,,,,,,,,,,,,0.0,,,,,,,,,,,,,,,,
111,RFCW,PC,,,,,,,,,,,,,,,,,,,,,,,,,,,,,,,,,,0.0,,0.0,,,0.0,,,,,0.0,,,,,,,,,,,,,,,,,,,0.0,,,0.0,,,,,,,0.0,0.0,,,,,,,,0.0,,,,,,0.0,,,0.0,,,0.0,,1.138342529679763e-05,9.659249297240246e-10,,0.0,,,,,,,,,,4.993107442975914e-05,,,,,,,,,,,,,,,,,,,,,,,,0.0,,,,,,,,,,,,,,9.986214885951827e-06,,0.0,0.0,,0.0,0.0,,,0.0,,,,,,,,,,,,,,,0.0,,,0.0,0.0,0.0,,,,,,0.0,,,,0.0,
112,RFCW,PRG,,,,,,,,,,,,,,,,,,,,0.0003591279045673116,5.0163897780830825e-05,,,,,,,,0.0,0.0006495889363433116,2.0238960922169633e-06,,,2.5887019213407423e-05,,8.741359407118919e-05,,,3.312172555200444e-05,,,,,1.8216949053602436e-05,,,6.789507019133262e-05,,,,0.0003549986784666563,4.275332197229901e-05,0.00021342550876716045,,,9.936517665601331e-06,,,6.7071494242809e-05,,,,0.0,,0.0,8.182329050533382e-05,,,0.0,,,,2.0248675627161683e-11,0.0,,,,,,,,3.726194124600499e-06,,,,,0.0,0.00019749031336173568,,,9.68850967554314e-05,,0.0,0.0001823886530551746,,0.02254537601169378,5.14052595646252e-07,,0.002470191936177276,,,,,,,,,,0.00033017678082984724,,0.5537854969734411,,0.0,,,,,,,,,0.0,,,,,,,,,,,0.0,,,0.0,,7.467580237828225e-05,4.959385348786685e-05,0.0,0.0,,0.0,,,,0.00017898647829982437,,5.134002444421302e-05,0.008625055309660425,,0.0016523010432151087,0.00019443765138357774,,,8.043845496396986e-05,,0.0,,,,,,0.0,,,0.0,,,,,,,,0.0,3.312172555200444e-05,,,,,0.0,0.0004371672880430634,,,,9.067409829512748e-05,
113,RFCW,SGC,,,,,,,,,,,,,,,,,,,,,,,,,,,,,,1.2111685602410125e-05,,,,,,,,,0.0,,,,,,,,,,,,9.40249277029207e-05,,,,,,,,,,,,,,,,,,,,,,0.0,,,,,,,,,,,,,,0.0,,,,,,,3.665378537571485e-05,,0.0017530071266646232,0.0,,,,,,,,,,,,0.00012111685602410125,,,,,,,,,,,,,,,,,,,,,,,,,,,,,,,,,,,,,,0.0,,,0.0,,,,,,,,,,,,,,,,,,,,,,,,,,0.0,,,,,,,,,,,
114,RFCW,SUB,,,,,,,,,,,,,,,,,,,,0.0,2.6338459624252785e-06,,,,,,,,0.0,0.0006076536208321269,,,,,,,,,0.0,,,,,,,,,,,,1.958992700823856e-05,4.344488185443758e-07,1.4171124889026215e-05,,,,,,,,,,,,,,,,,,,,0.0,,,,,,,,,,,,,,0.0,,,,,,,3.487025745795856e-06,,6.271685237166171e-05,4.0413810618350866e-08,,,,,,,,,,,,2.4050882110406355e-05,,,,,,,,,,,,,,,,,,,,,,,,,,,,,,,,,,0.0,,,,5.055710681763209e-06,,,7.097156712229911e-05,,7.554086498228927e-05,,,,,,,,,,,,,,,,,,,,,,,,0.0,,,,,0.0,,,,,,
115,RFCW,WC,,,,,,,,,,,,,,,,,,,,0.0,7.520556749797301e-07,,,,,,,,,1.1645812459662611e-05,0.0,,,,,,,,,,,,,,,,,,,,5.124438556627297e-06,6.638688584050153e-07,3.5269371808190333e-06,,,,,,,,,,,,,,,,,,,,0.0,,,,,,,,,,,,,,0.0,,,,,,,9.962552431607538e-07,,0.00014992817954121227,1.4774907893807356e-08,,0.0,,,,,,,,,,5.243576887761759e-06,,,,,,,,,,,,,,,,,,,,,,,,,,,,,1.6596721460125382e-07,,,,,0.0,,,,1.1064480973416921e-07,,,3.4853115066263304e-06,,0.0,,,,,,,,,,,,,,,,,,,,,,,,,,,,,,,,,,,
116,RFCW,WDS,,,,,,,,,,,,,,,,,,,,,,,,,,,,,,0.04814457339833153,,,,,,,,,,,,,,,,,,,,,,,,,,,,,,,,,,,,,,,,,,,0.0,,,,,,,,,,,,,,,2.7775715422114346e-05,,,,,,0.0012128729067656596,,0.021294715156954334,,,,,,,,,,,,,,,0.04629285903685724,,,,,,,,,,,,,,,,,,,,,,,,,,,,,,,,,,,,,,,,0.008610471780855448,0.006018071674791441,,,,,,,,,0.0,,,,,,,,,,,,,,0.00805495747241316,,,,,,,,,,,,
117,RFCW,WH,,,,,,,,,,,,,,,,,,,,0.0,,,,,,,,,,0.0,0.0,,,,,,,,0.0,,,,,,,,0.0,,,,1.3257745026739218e-06,,0.0,0.00034470137069521963,,,,,,,,,,,,,,,0.039773235080217656,,,,0.0,,,,,,,,,,,,,,,0.0,,,0.0,,,0.00022539492319959342,,0.0,3.977323508021766e-08,,,,,,,,,,,,0.0,,0.09015266618182669,,0.0,,,,,,,,,,,,,,,,,,,,,,,,,,,,,,,,,,0.0,,,0.0017235068534760983,,0.0023863941048130593,,,,,,,,0.0,,,,,,,,,,,,,,,,,,,,,,0.0002651549005347843,,,,,
118,RMPA,BIT,,,,,,,,,,,,,,,,,,,,,,,,,,,,,,7.13145826599735e-06,,,,,,,,,0.0,,,,,,,,,,,,,,,,,,,,,,,,,,,,,,,,,,0.0,,,,,,,,,,,,,,0.0,,,,,,,0.0,,0.0,0.0,,,,,,,,,,,,,,,,,,,,,,,,,,,,,,,,,,,,,,,,,,,,,,,,,,,,,0.0,,,,,,,,,,,,,,,,,,,,,,,,,,,,,,,,,,,,,
119,RMPA,NG,,,,,,,,,,,,,,,,,,,,,,,,,,,,,,3.8366353370748536e-06,,,,,,,,,,,,,,,,,,,,,,,,,,,,,,,,,,,,,,,,,,,0.0,,,,,,,,,,,,,,0.0,,,,,,,2.5577568913832356e-07,,,,,,,,,,,,,,,,,,,,,,,,,,,,,,,,,,,,,,,,,,,,,,,,,,,,,,,,,,0.0,,,,,,,,,0.0,,0.0,,,,,,,,0.0,,0.0,0.0,,,0.0,,,,,,,,,,0.0
120,RMPA,SUB,,,,,,,,,,,,,,,,,,,,,,,,,,,,,,2.806273698599831e-06,,,,,,,,,0.0,,,,,,,,,,,,0.0,,0.0,,,,,,,,,,,,,,,,,,,,0.0,,,,,,,,,,,,,,0.0,,,,,,,0.0,,0.0,0.0,,0.0,,,,,,,,,,0.0,,,,,,,,,,,,,,,,,,,,,,,,,,,,,,,,,,0.0,,,,2.340842938832054e-07,,,1.181829086077002e-06,,0.0,,0.0,0.0,,,,,0.0,0.0,,0.0,,,,,,,,0.0,,0.0,0.0,,0.0,0.0,,,,,,,,,,0.0
121,RMPA ,SUB,,,,,,,,,,,,,,,,,,,,,,,,,,,,,,0.0,,,,,,,,,,,,,,,,,,,,,0.0,,0.0,,,,,,,,,,,,,,,,,,,,0.0,,,,,,,,,,,,,,0.0,,,,,,,0.0,,0.0,0.0,,,,,,,,,,,,0.0,,,,,,,,,,,,,,,,,,,,,,,,,,,,,,,,,,,,,,0.0,,,0.0,,,,,,,,,,,,,,,,,,,,,,,,,,,,,,,,,,,,,
122,SPNO,BIT,,,,,,,,,,,,,,,,,,,,,,,,,,,,,,,,,,,,,,,,,,,,,,,,,,,,,,,,,,,,,,,,,,,,,,,,,0.0,,,,,,,,,,,,,,,,,,,,,0.0,,,0.0,,,,,,,,,,,,,,,,,,,,,,,,,,,,,,,,,,,,,,,,,,,,,,,,,,,,,,,,,,,,,,,0.0,,,,,,,,,,,,,,,,,,,,,,,,,,,
123,SPNO,NG,,,,,,,,,,,,,,,,,,,,,,,,,,,,,,,,,,,,,,,,,,,,,,,,,,,,,,,,,,,,,,,,,,,,,,,,,,,,,,,,,,,,,,0.0,,,,,,,,,,,,,,,,,,,,,,,,,,,,,,,,,,,,,,,,,,,,,,,,,,,,,,,,,,,,,,,,,0.0,0.0,,,,0.0,,,,,,,,,,,,,,,,,,,,,,,,,,,,,,,
124,SPNO,SUB,,,,,,,,,,,,,,,,,,,,,0.0,,,,,,,,,3.38240695984486e-05,,,,0.0,,,,,0.0,,,,,,,,,,,,1.6977832993937818e-07,0.0,1.3107290872328337e-07,,,,,,,,,,,,,,,,,,,,0.0,,,,,,,,,,,,,,0.0,,,,0.0,,,1.7442413851565775e-07,,4.7545829623334845e-06,0.0,,,,,,,,,,,,0.0,,,,,,,,,,,,,,,,,,,,,,,,,,,,,0.0,,,,,0.0,,,,5.717032820670288e-09,,0.0,3.25527661533663e-07,,0.0,,,0.0,,,,,0.0,0.0,,0.0,,,,,,,,0.0,,0.0,0.0,,0.0,,,,,,,,,,,0.0
125,SPSO,BIT,,,,,,,,,,,,,,,,,,,,,0.0,,,,,,,,,0.0,,,,,,,,,,,,,,,,,,,,,0.0,,0.0,,,,,,,,,,,,,,,,,,,,0.0,,,,,,,,,,,,,,,,,,,,,0.0,,0.0,0.0,,,,,,,,,,,,0.0,,,,,,,,,,,,,,,,,,,,,,,,,,,,,,,,,,,,,,0.0,,,0.0,,,,,,,,,,,,,,,,,,,,,,,,,,,,,,,,,,,,,
126,SPSO,BLQ,,,,,,,,,,,,,,,,,,,,,,,,,,,,,,0.009086857898915264,,,,,,,,,,,,,,,,,,5.887589756465743e-05,,,0.0006388485846300919,,,,,,0.0,,0.0,,,,,,,,,,,,,,8.901961087433284e-09,,,,,,,,,,,,,9.040310159859792e-05,,0.00016900674952992267,,,,,,0.0002462805091244182,,0.07417504355741407,4.089510221342107e-07,,,,,,,,,,,,0.000445988634553083,,,,,,,,,,,,,,,,,,,,,,,,,,,,,,,,,,,,,,0.0008160386637633437,,,0.009468145955226994,0.0010850783476086044,0.008262546411894433,,,,,,,,0.0,,,,,,,,0.0011860192590943941,,,,,,,0.008329779403581981,,,,,,,0.0,,,,,
127,SPSO,LIG,,,,,,,,,,,,,,,,,,,,,0.0,,,,,,,,,0.00025403267193142495,0.0,,,,,,,,0.0,,,,,,,,,,,,3.0527080702884633e-06,1.4872167521918154e-06,1.4715618390108487e-05,,,,,,,,,,,,,,,,,,,,0.0,,,,,,,,,,,,,,0.0,,,,,,,4.6181993883851114e-07,,0.0004086715085891299,1.0958439226676535e-07,,,,,,,,,,,,8.923300513150892e-06,,,,,,,,,,,,,,,,,,,,,,,,,,,,,8.927257951969967e-08,,,,,0.0,,,,1.1584635753915195e-05,,,2.7944020028025166e-05,,7.749182024578407e-06,,,,,,,,0.0,,,,,,,,,,,,,,,,,,,,,,,,,,,
128,SPSO,NG,,,,,,,,,,,,,,,,,,,,,,,,,,,,,,0.0,,,,,,,,,5.71047188225853e-07,,,,,,,,,0.0014119893106763462,,,,2.2841887529034122e-05,0.00013224250674703965,,,,,,,,,,,,,,,,,,,,0.0,,,,,,,,,,,,,,0.0,0.00016470203113040394,,,,,,1.4125904129797415e-05,,0.0022090509649789576,5.680416767088749e-09,,,,,,,,,,,,,,0.007676978067817349,,,,,,,,,,,,,,,,,,,,,,,,,,,,,,,,,,,,0.0,,,0.0007402574866317242,3.654702004645459e-06,0.00048148294501990346,,,,,,,,,,,,,,,,1.8033069101869044e-06,,,,,,,0.02960789505605538,,,0.0,,,,5.71047188225853e-05,,,,,
129,SPSO,PC,,,,,,,,,,,,,,,,,,,,,,,,,,,,,,0.00018033985502122828,,,,,,,,,0.0,,,,,,,,,,,,6.9468357096004735e-06,,6.9468357096004735e-06,,,,,,,,,,,,,,,,,,,,0.0,,,,,,,,,,,,,,0.0,,,,,,,3.4734178548002367e-06,,3.21638493354502e-05,1.5283038561121042e-07,,,,,,,,,,,,2.7787342838401894e-05,,,,,,,,,,,,,,,,,,,,,,,,,,,,,,,,,,,,,,0.00010656445978527128,,,1.3893671419200947e-05,,1.0420253564400713e-05,,,,,,,,,,,,,,,,,,,,,,,,,,,,,,,,,,,
130,SPSO,PRG,,,,,,,,,,,,,,,,,,,,,,,,,,,,,,,,,,,,,,,0.0,,,,,,,,,,,,,,,,,0.0,,,,,,,,,0.0,,,,,,,,,,,,,,,,,,,,,,,0.0,,,,,,,,,,,,,,,,,,,,,,,,,,,,,,,,,,,,,,,,,,,,,,,,,,,,,,,,,,,,,,,,,,,,0.0,,,,,,,,,,,,,,,,,,,,,,,,,,,,,,,
131,SPSO,SUB,,,,,,,,,,,,,,,,,,,,,3.5903717711840807e-06,,,,,,,,,0.00022524978108526378,,,,,,,,,0.0,,,,,,,,,,,,2.513085538641462e-06,,7.395187877544371e-05,,,,,,,,,,,,,,,,,,,,0.0,,,,,,,,,,,,,,0.0,7.540009563838622e-05,,,,,,3.6312889279242803e-06,,0.00020518840778428377,5.272089867786306e-08,,,,,,,,,,,,1.7157340553397245e-05,,0.0,,,,,,,,,,,,,,,,,,,,,,,,,,,,,,,,,,,,3.7410536795709065e-08,,,1.733972455374105e-05,,0.0,,,,,,0.0,,0.0,,,,,,,,,,,,,,0.0,0.0002730397402662774,0.0,,,,,,,,,,,
132,SRMV,BLQ,,,,,,,,,,,,,,,,,,,,,,,,,,,,,,0.0,,,,,,,,,6.152842686218101e-06,,,,,,,,,0.0001122560963561959,,,,,,,,,,,0.0,,,,,,,,,,,,,,9.709519988276409e-09,,,0.0,,,,,,,,,,0.004660610256644043,,0.002315625580151535,,,,,,4.4672515515593316e-05,0.0,0.17994175337542706,9.184965789037116e-11,,,,,,,,,,,,,,0.007575343181882553,,0.0,,,,,,,,,,,,,,,,,,,,,,,,,,,,,,,,,,0.0014753047425984148,,,0.006169229987112693,0.01872478819836583,0.0273652489108335,,,,,,,,0.0,,,,,,,,0.004047961927036633,,,,,,,0.03447560085840331,,,,,,,3.39526947802531e-06,,,,1.8366694585725673e-06,
133,SRMV,NG,0.0,0.0,0.0,0.0,0.0,6.810988326990816e-05,0.0,,0.0,0.0,0.0,0.0,0.0,0.0,,0.0,0.0,0.0,0.0,0.0,,,0.0,0.0,0.0,0.0,0.0,0.0,0.0,0.0,,0.0,0.0,0.0,0.0,1.9376129866872e-05,1.0236281875157708e-06,9.419557257458955e-08,0.0,,0.0,0.0,2.9699077007227395e-06,5.444830784658355e-06,0.0,0.0,,9.53617022872985e-05,0.0,0.0,3.220009077998149e-06,0.0002362287188892458,8.398641678644526e-05,0.0,0.0,0.0,2.2946655358486968e-05,0.0,2.5478579346926175e-05,0.0,0.0,,0.0,0.0,0.0,0.0,0.0,0.0001911026944334781,0.0,0.0,,0.0,6.794018614109607e-09,0.0005587011585218873,0.0,0.005245846968709932,0.0,0.0,0.0,4.2898666788217344e-07,0.0,2.1779323138633418e-07,0.0,0.0,0.0,0.00011200157915515199,0.0012834634066217706,2.9161949136964052e-05,0.0,0.0,0.0008779589633915372,,0.001229142548748152,7.811569719343383e-06,0.0,0.0007756011270342123,2.221526173603226e-07,0.0,0.0,0.0,4.2898666788217344e-07,3.8113815492608497e-06,0.0,0.0,0.0,0.0,0.0,0.0,0.00025813662354940683,,0.10994624609755174,,0.11021066059547585,0.0,0.00013510190485590209,0.0,0.0,0.0,,0.0,0.0,0.0,0.0,0.0,0.0,0.0,0.0,0.0,,0.0,0.0,2.9699077007227395e-06,0.0006828569715267511,0.0,0.0,,,,,,0.001229142548748152,0.0,,0.0,0.0,0.0,0.0,0.0,0.0015369589896715844,0.00459106811801214,0.0020591390582371744,0.0200717273148123,,0.0,0.0,1.7962356106900304e-05,0.0,0.0,,0.0005937823765908782,0.0,,0.0,0.0,0.0,,0.0001543392499794724,0.0002905444203142142,0.0,,0.0003300362382499216,,0.002841923204655057,1.0019575780651473e-05,0.0036111583805996774,7.501928054667923e-05,3.4698421636777344e-05,0.0,,0.0,0.0,0.0004570525033525628,0.0,2.321558099428795e-05,0.0,2.251425501204474e-05,
134,SRMV,PC,,,,,,,,,,,,,,,,,,,,,,,,,,,,,,0.0001445809131901775,,,,,,,,,0.0002854932246774278,,,,,,,,,7.022865725907828e-05,,,,,1.987987556364941e-05,,,,,,2.9847179335108266e-06,,,,,,,,,,,,,,0.0,,,,,,,,,,,,,0.00027506224093138993,0.0,0.004155195554495466,,,,,,8.240367917978712e-05,,0.027508709077584452,7.118724068582439e-07,,,,,,,,,,,,0.00019656260415073197,,0.005267149294430872,,,,,,,,,,,,,,,,,,,,,,,,,,,,,,,,,,,,0.012498178684075352,,,0.0014446786541954448,0.00031602895766585226,0.015216209072800293,,,,,,,,0.0,,,,,,,,0.0007608104536400147,,,,,,,0.01814240312526189,,,,,,,0.0,,,,,
135,SRMV,PRG,,,,,,,0.0,,,,,,,,,,,,,,,,,,,,,,,,,,,0.0,,0.0,,,1.3704097522744055e-07,,,,,0.0,,,,,,,,0.0,,,,0.0,,,,,,,,,0.0,,,,,,,,0.0,0.0,,,,,,,,0.0,,,,,,0.0,,,0.0,,,0.0,,,0.0,,0.0,,,,,,,,,,0.0,,0.30741579726920376,,,,,,,,,,,,,,,,,,,,,,0.0,,,,,,,,0.0,,,,,,,,2.740819504548811e-07,0.0,,0.010060726155347323,,,,2.740819504548811e-07,,,,0.0,,,,,,,0.0,,,,,,,,,2.740819504548811e-07,,,,,,0.0,,,,2.740819504548811e-07,
136,SRMV,SUB,,,,,,,,,,,,,,,,,,,,,,,,,,,,,,0.0004389704277418151,,,,,,,,,0.0,,,,,,,,,,,,2.975457136391582e-06,0.0,6.238385800975355e-05,,,,,,,,,,,,,,,,,,,,0.0,,,,,,,,,,,,,,0.0,,,,6.258170488821682e-07,,,7.626935669013305e-09,,7.145132826808445e-05,4.876322775196451e-07,,,,,,,,,,,,2.455052155169019e-06,,,,,,,,,,,,,,,,,,,,,,,,,,,,,,,,,,,,,,5.858955736093691e-05,,,5.8316123302467095e-05,,3.419025421084809e-06,,,,,,,,0.0,,,,,,,,,,,,,,0.0,,1.2516340977643365e-07,,,,,,,,,,,
137,SRMV,WDS,,,,,,,,,,,,,,,,,,,,,,,,,,,,,,0.0,,,,,,,,,,,,,,,,,,2.6074681129623293e-05,,,,,,,,,,,0.0,,,,,,,,,,,,,,0.0,,,,,,,,,,,,,,,7.822404338886988e-05,,,,,,0.00031724195374375,,0.022598056979006853,1.4123785611879284e-07,,,,,,,,,,,,,,,,,,,,,,,,,,,,,,,,,,,,,,,,,,,,,,,,,,,,,0.0005595191992398331,0.0008365626862420805,0.001955601084721747,,,,,,,,,,,,,,,,0.000380255766473673,,,,,,,0.00760511532947346,,,,,,,0.0,,,,,
138,SRMV,WH,,,,,,,,,,,,,,,,,,,,,,,,,,,,,,,,,,,,,,,,,,,,,,,,,,,,,,,,,,,,,,,,,,,,,,,,,,,,,,,,,,,,,,,0.0,,,,,,,0.00010868970028266405,,,4.241549279323476e-06,,,,,,,,,,,,,,,,,,,,,,,,,,,,,,,,,,,,,,,,,,,,,,,,,,0.0,,,,,,,,,,,,,,,,,,,,,,,,,,,,,,,,,,,,,,,,
139,SRMW,BIT,,,,,,,,,,,,,,0.0,,,,,,0.0,0.0,,,,,,,,,7.346370361027154e-05,0.0,,,,,,,,2.193328753824061e-08,,,,,,,,,,,,2.998123765032145e-06,0.0,0.0,,,,,,,,,,0.0,,,,,,,,,,0.0,0.0,,,,,,,,,,0.0,0.0,,0.0,0.0,,,0.0,,,2.044803305183214e-06,,0.0001025938609660032,0.0,,,,,,,,,,,,1.1460569876009972e-05,,0.024046057383954624,,,,,,,,0.0,,,,,,,0.0,,,,,0.0,,,,0.0,,,0.0,,,0.0,0.0,0.0,,,,1.373334111724402e-05,,0.0,3.5141422610953e-05,6.7729502533130406e-06,0.0,,,,0.0,,,,1.294610249359069e-07,,,,,,,0.0,0.0,,,1.6438224065062555e-06,,,2.1134859512223285e-08,0.0,0.0,,0.0,,,,,0.0,,,0.0,
140,SRMW,NG,,,,,,,,,,,,,,,,,,,,,,,,,0.0,,,,,,,,,,,,,,,,,,,,,,,,,,,,,,,,,,,,,,,,,,,,,,,,,,,,,,,,,,,,,,,,,,0.0,,,,,,0.0,,,,,,,,,,,,,,,,,,,,,,,,,,,,,,,,,,,,,,,,,,,,,,,,,,,,,,0.0,0.0,,,,0.0,,,,0.0,,,,,,,,,,,,,,,0.0,,,,,,,,,,,,
141,SRMW,SUB,,,,,,,,,,,,,,,,,,,,1.3187028146161652e-06,,,,,,,,,,0.000883065159613542,,,,,,,,,0.0,,,,,,,,,,,,4.073042894469341e-06,0.0,8.632402010539919e-05,,,,,,,,,,,,,,,,,,,,0.0,,,,,,,,,,,,,,0.0,,,,,,,2.1989186816628477e-05,,0.0018353422053952306,1.5207615471515912e-07,,,,,,,,,,,,9.747774263245837e-07,,,,,,,,,,,,,,,,,,,,,,,,,,,,,1.318702814616165e-07,,,,,1.0599853760054993e-05,,,,2.0743578595276285e-05,,0.0,0.00019060265633594016,,0.00028813586198037723,,,,,,,,0.0,,,,,,,0.0,,,,,,,,,0.0,,,,,,,,,,,
142,SRSO,BIT,,,,,,,,,,,,,,,,,,,,,3.765524514082162e-05,,,,,,,,,0.00036240666911779835,0.0,,,,,,,,0.0,,,,,,,,,5.512512903253789e-05,,,7.827093671980657e-05,3.528189528571013e-08,0.0001951166471310758,,,,,,,,,,,,,,,,,,,,1.8256394242029344e-10,,,,,,,,,,,,,3.465008110616667e-05,0.0,0.00037406337557793567,,,,,,8.12072377056509e-06,,0.009032683180345039,3.773057049478193e-07,,,,,,,,,,,,7.511975691701525e-05,,,,,,,,,,,,,,,,,,,,,,,,,,,,,4.546216801494557e-06,,,,,,,,,1.0236204744625346e-05,,,0.000842633694892349,0.0019411920437886556,0.0006313373944699402,,,,,,,,0.0,,,,,,,,0.0011025025806507577,,,,,,,0.0005394387626755494,0.0,,,,,,0.0,,,,,
143,SRSO,BLQ,,,,,,,,,,,,,,,,,,,0.0,,,,,,,,,,,0.002087613618583458,,,,,,,,,0.0,,,,,,,,,0.00040369461745029246,,,,,,,,,,,2.1015551515512094e-05,5.556562060844061e-06,,,,,,,,,,,,,3.5186318092377484e-09,,,,,,,,,,,0.00024049324035203368,,0.006005822342421195,,0.1527375284913235,,,,,,0.0008537330109575394,,0.40360433744002083,4.401640013842609e-06,,,,,,0.0002672044771717472,,,,,,,,0.22575969336795762,,,,,,,,,,,,,,,,,,,,,,,,,,,,,,,,,,,,0.0010610556131913646,,,0.032488160367979,0.04545828755997055,0.02318638348669198,,,,,,,,0.0,,,,,,,0.0,0.005867472303653476,,,,,,,0.10464102865847587,,,,,,,5.6540149628657254e-05,,,,0.00040053461343870865,
144,SRSO,DFO,,,,,,,,,,,,,,,,,,,,,,,,,,,,,,,,,,,,,,,,,,,,,,,,,,,,,,,,,,,,,,,,,,,,,,,,,,,,,,,,,,,,,,,,,,,,,,,,,,,,,,,,,,,,,,,,,,,,,,,,,,,,,,,,,,,,,,,,,,,,,,,,,,,,,,,,,,,,,,,,,,,,,,,,,,,,,,,,0.0,,,,,,,,,,,
145,SRSO,NG,,,,,,,,,,,,,,0.0,,,,,,,,,,,,0.0,,,,0.0010088346959912058,,,,0.0,,0.0,,,0.0,,,0.0,,,0.0,0.0,,0.00013166958539051802,,,,,0.0,,,0.0,,,1.3744730510382733e-06,,,,,,,0.0,0.0,,,,,,6.050068023300072e-09,,,,,,,,,0.0,,8.370370829312078e-05,,0.00274408922801471,0.0,0.004916116954352937,,,,,,0.0002631519090576522,0.0,0.1094935188201216,2.086892171452054e-07,,,,8.662563163049105e-06,,,1.0395075795658925e-05,,,,,,,0.5943914585695023,,0.0,,,,,,,,0.0,,,,,0.0,,,,,0.0,,,,,,,,,,,,,,,7.77517864390749e-05,0.0013132092285076998,,0.0,0.009139058714490037,0.004528947592490147,0.01814772629213246,,,,0.0,,0.0,,0.0,,,0.0,,,,0.0,0.004085796749801393,,,,,,0.0,0.02825663853098173,3.4361826275956834e-05,0.0,0.0,,,,2.8529412330977143e-05,,,,0.0,
146,SRSO,OBS,,,,,,,,,,,,,,,,,,,,,,,,,,,,,,,,,,,,,,,0.0,,,,,,,,,,,,,,,,,,,,,,,,,,,,,,,,,,0.0,,,,,,,,,,,,,,,,,,,,,1.9621591012246203e-05,,0.02536483070153067,7.848636404898482e-09,,,,,,,,,,,,,,,,,,,,,,,,,,,,,,,,,,,,,,,,,,,,,,,,,,,,,0.003667275360188816,,,,,,,,,,,,,,,,,,0.0,,,,,,,0.0006180801168857554,,,,,,,,,,,,
147,SRSO,SUB,,,,,,,,,,,,,,,,,,,,,,,,,,,,,,0.00011503873041710133,0.0,,,,,,,,,,,,,,,,,,,,2.0132966358895155e-06,1.7195430967307394e-07,0.00014543108237912163,,,,,,,,,,,,,,,,,,,,0.0,,,,,,,,,,,,,,0.0,,,,,,,8.413478723289687e-08,,5.0898069174007384e-06,4.1133442693201986e-09,,,,,,,,,,,,3.1690447592147045e-05,,,,,,,,,,,,,,,,,,,,,,,,,,,,,6.005529532425618e-06,,,0.0,,8.597715483653696e-07,,,,3.443420480527379e-06,,,7.186011835320116e-06,,1.7163887130338294e-05,,,,,,,,0.0,,,,,,,,,,,,,,,,0.0,,,,,,,,,,,
148,SRSO,WDS,,,,,,,,,,,,,,0.0,,,,,,,,,,,,,,,,0.0,,,,,,,,,,,,,,,,,,3.125402055771406e-05,,,,,,,,,,,0.0,,,,,,,,,,,,,,0.0,,,,,,,,,,,,,,,9.432016918310136e-05,,,,,,0.0004325333202183642,0.0,0.024708535680912802,4.118052072984803e-06,,,,,,,,,,,,,,,,0.0,,,,,,,,,,,,,,,,,,,,,,,,,,,,,,,,,,0.0005274115969114248,,,0.00041188334234987456,9.487827669306053e-06,0.0010832866768307676,,,,,,,,,,,,,,,,0.0008918558009147691,,,,,,,0.001055939408842768,,,,0.0,,,0.0,,,,,
149,SRTV,BIT,,,,,,5.8390320994222774e-05,,,,,,,,0.00011916392039637302,,,,,,0.0002153726962448005,8.592066873004305e-05,,,,,,,0.00024508046294854046,,0.001129993150136508,0.0,,,,,2.661327555518997e-05,,,6.870720894945106e-07,,,,,0.0,0.0010339456159725298,4.7665568158549205e-06,,0.0003160193984112344,,,8.892630611773969e-05,0.0006863529060073705,0.0002070658938855309,0.0,,,,,1.215459224658594e-05,,,,,,0.0,,,,,,,7.14983522378238e-06,0.0,0.0,,,,,,,,,,6.653318888797492e-05,,0.04238626479347961,0.0,0.0007711413525333969,0.001231360510762521,,,,,1.9461065747559973e-05,0.0,0.004048812757433654,4.831590149275748e-07,1.58885227195164e-06,,1.747737499146804e-05,,,1.3505102496206598e-06,,,,,,7.851257379849956e-05,,0.11508625955849881,,,,0.0,,,,,,9.533113631709841e-06,,,,,,,0.0005028717440726941,,,3.852966759482727e-05,,0.0,,,,0.0,0.0003637216234222754,,,,,3.2886035658744064e-06,,,0.0,0.00020371316866900062,,0.0001553103095832728,0.000291698706769061,0.0013159928027325046,0.0004757132724887728,,,,0.0,,0.0,0.0,0.0,,,,,,0.0,0.049482023518457915,0.004760548629912826,,0.0,,,,,0.02214904700064973,0.0,,,,,,5.402040998482639e-06,,,,2.661327555518997e-05,
150,SRTV,BLQ,,,,,,,,,,,,,,,,,,,,,,,,,,,,,,0.004076547208432059,,,,,,,,,4.491266953439417e-06,,,,,,,,,0.00012866238322988623,,,0.0008982533906878835,,,,,,,,4.021679942874539e-06,,,,,,,,,,,,,,4.100763679523992e-10,,,,,,,,,,,0.0005614083691799273,,0.0021063985711828517,,0.0006459484473368755,,,,,,0.0004634154716601439,,0.06098946578902376,8.829506407136769e-07,,,,,,,,,,,,0.00044912669534394176,,,,,,,,,,,,,,,,,,,,,,,,,,,,,,,,,,,,,,0.0005551585860639325,,,0.0031718137845218757,0.00421298124948263,0.02025973331628722,,,,,,,,0.0,,,,,,,,0.0007246189891656359,,,,,,,0.0027789452241914355,,,,,,,2.5983752609192794e-06,,,,,
151,SRTV,COG,,,,,,,,,,,,,,,,,,,,,,,,,,,,0.0,0.0,,,,,0.0,,,,,0.0,,,,,,,,,,,,,,,0.008629196851015056,,,,,0.0,,,,,,,,,,,,,,,0.0,,,,,,,,,,,,,,0.0,,,,,,0.0,,,0.0,,,,,,,,,,,,,,,,,,,,,,,,,0.0,,0.0,,,,,,,,,0.0,,,,,,,,0.0,,,,,,,,0.0,,,0.00830829261718826,,,,0.0,,,,,,,,0.0,,,,,,,,,,,,0.0,,,,,0.0,0.00019869555701466406,,,,0.0,
152,SRTV,DFO,,,,,,,,,,,,,,,,,,,,,,,,,,,,,,,,,,,,,,,,,,,,,,,,,,,,,,,,,,,,,,,,,,,,,,,,,,,,,,,,,,,,,,,,,,,,,,,,,,,,,,,,,,,,,,,,,,,,,,,,,,,,,,,,,,,,,,,,,,,,,,,,,,,,,,,,,,,,,,,,,,,,,,,,,,,,,,,,0.0,,,,,,,,,,,
153,SRTV,LIG,,,,,,,,,,,,,,,,,,,,,,,,,,,,,,0.0,,,,,,,,,,,,,,,,,,,,,0.0,,0.0,,,,,,,,,,,,,,,,,,,,0.0,,,,,,,,,,,,,,0.0,,,,,,,0.0,,0.0,0.0,,,,,,,,,,,,0.0,,,,,,,,,,,,,,,,,,,,,,,,,,,,,,,,,,,,,,0.0,,,0.0,,,,,,,,,,,,,,,,,,,,,,,,,,,,,,,,,,,,,
154,SRTV,NG,,,,,,,,,,,,,,,,,,,,,,,,,,,,,,,,,,,,,,,,,,,,,,,,0.0,,,,,,,,,,,,,,,,,,,,,,,,,0.0,,,,,,,,,,,,,1.1583506396432,,0.003741450911759724,,,,,,1.6657144470163155e-05,,0.5717116377801614,0.0,,,,,,,,,,,,,,16.6357848868063,,,,,,,,,,,,,,,,,,,,,,,,,,,,,,,,,,,,,,,,0.033916508778862986,0.00648347315530966,,,,,,,,0.030866970022017732,,,,,,,,,,,,,,,0.5376798103088127,0.0,,0.0,,,,,,,,,
155,SRTV,NUC,,,,,,,,,,,,,,,,,,,,,,,,,,,,,,,,,,,,,,,,,,,,,,,,,,,,,,,,,,,,,,,,,,,,,,,,,,,,,,,,,,,,,,,,,,,,0.0,,,,,,,,,,,,,,,,,,,,,,,,,,,,,,,,,,,,,,,,,,,,,,,,,,,,,,,,,,,,,,,,,,,,,,,,,,,,,,,1.697639715314736e-08,,,,,,,,,,,,,,,,
156,SRTV,PRG,,,,,,,,,,,,,,,,,,,,,,,,,,,,,,0.0009729810835432184,,,,,,,,,,,,,,,,,,,,,0.00017027168962006323,,,,,,,,,,,,,,,,,,0.0,,,,,,,,,,,,,,,0.0,,,,,,,,,,0.0005456964407052141,,0.0014229848346819572,1.264875408606184e-05,,0.0015081206794919887,,,,,,,,,,0.00015081206794919887,,0.29189432506296553,,0.0,,,,,,,,,,,,,,,,,,,,,,,,,,,,,,,,,,0.0,,,0.007054112855688334,,0.0016540678420234713,0.0010216301377203793,,,,,,,,,,0.0006810867584802529,,,,,,,,,,,,,,,,,,,,,,,,
157,SRTV,SUB,,,,,,,,,,,,,,,,,,,,6.808112380649555e-05,0.0,,,,,,,,,0.001978324644148563,0.0,,,,,,,,0.0,,,,,,,,,,,,3.186210062390767e-05,0.0,0.0005413412108639057,,,,,,,,,,,,,,,,,,,,0.0,,,,,,,,,,,,,,0.0,,,,,,,3.071045843268209e-06,,3.892918509523784e-06,2.3032843824511567e-08,,,,,,,,,,,,8.169734856779466e-05,,0.010552574190006811,,,,,,,,,,,,,,,,,,,,,,,,,,,0.00015999064094526452,,,,,0.0,,,,0.00036421685500504815,,,0.00019548412000115558,,0.00022866287903245555,,,,,,,,,,,,,,,,,,,,,,,,0.0,,,,,,,,,,,
158,SRVC,BIT,,,,,,,,,,,,,,,,,,,,0.0007278042194092827,0.00013091999003148985,,,,,,,,,0.0014701661496864709,3.0719157961002476e-07,,,0.0,,,,,3.16705680426721e-07,,,,,,,,,0.00013095217499390626,,,7.085067789035373e-05,8.351715319381848e-05,0.001271113964908021,,,,,,7.917642010668025e-07,,,,,,0.0,,,,,,,,0.0,,,,,,,,,,,,,,0.0,0.0003548031286199014,,,0.0,,,0.00017032816419612658,,0.014845482198469477,4.814172739075472e-07,,,,,,,,,,,,9.991089230314592e-05,0.0011168506151142355,7.823791227531948,,2.604772995780591,,,,,,,,,,,,,,,,,,,,,,,,,0.00015772080585857754,,,,,,,,,0.00013501656308813957,,,0.0012225154021919026,0.0018144771142564868,0.006810843633946098,,,,,,0.0,,0.0,,,,,,,,8.709406211734827e-05,,,0.0013680278008426363,,,6.049102520732745e-07,0.17704476419473583,0.0,,,,,,3.958821005334012e-06,,,,,
159,SRVC,BLQ,,,,,,,,,,,,,,,,,,,,,,,,,,,,,,0.002867788294028736,,,,,,,,,0.0,,,,,,,,,5.35923604284843e-05,,,,0.000718010871829128,0.00035857956944254193,,,,,,1.9349448917275223e-06,,,,,,,,,,,,,,4.598486658327969e-09,,,,,,,,,,,,,0.00045606470771599437,,0.0004945256271091435,,,,,,0.00012643693274919703,,0.03004827853590829,1.0568287100774827e-06,,,,,,7.91675823121706e-08,,,,,,,,0.052810652619391656,,,,,,,,,,,,,,,,,,,,,,,,,,,,,,,,,,,,0.0012948575005244994,,,0.0042924974431667725,0.0038313877281260624,0.01479949797663705,,,,,,,,0.0,,,,,,,,0.0016474685638919336,,,,,,,0.01060642629542178,0.0,,0.0,,,,3.084610289529862e-05,,,,,
160,SRVC,DFO,,,,,,,,,,,,,,,,,,,,,,,,,,,,,,,,,,,,,,,,,,,,,,,,,,,,,,,,,,,,,,,,,,,,,,,,,,,,,,,,,,,,,,,,0.1828288888888889,,,,,,,,,,,,,,,,,,,,,,,7709.467643518518,,,,,,,,,,,,,,,,,,,,,,,,,,,,,,,,,,,,,,,,,0.8263025185185185,,,,,,,,,,,,,,,,,,,,,,,0.0,0.0,,,,,,,,,,,
161,SRVC,NG,,,,,,,,,,,,,,,,,,,,,,,0.0,,,,,,,0.0,,,,0.0,,,,,0.0,,,,,,,,,,,,,,,0.005740086522462562,,,,,,,,,,,,,,,,,,,0.0,,,,,,,,,,,,,,,,,,0.0,0.0,,0.0,,,0.0,,,,,,0.0,,,,,,,,0.271294615640599,,,,,,,,,,,,,,,,,,,,,,,,,,,,,,,,,,,,,,,,,0.19080687642598473,,,,,,,,0.0,,,,,,,0.0,0.0,,,0.0,,,,0.0,0.0,,,,,,,,,,,
162,SRVC,NUC,,,,,,,,,,,,,,,,,,,,,,,,,,,,,,,,,,,,,,,,,,,,,,,,,,,,,,,,,,,,,,,,,,,,,,,,,,,,,,,,,,,,,,,,,,,,,,,,,,,,,,,,,,,,,,,,,,,,,,,,,,,,,,,,,,,,,,,,,,,,,,,,,,,,,,,,,,,,,,,,,,,,,,,,,,,,,,,,0.0,,,,,,,,,,,
163,SRVC,OTH,,,,,,,,,,,,,,0.0,,,,,,,0.0,,,,,,,,,0.0,0.0,,,,,,,,0.0,,,,,,,,0.0,,,,0.0,0.0,0.0,,,,,,,,,,,,,,,,,,,,0.0,,,,,,,,,,,,,,0.0,0.0,,,,,,0.0,,0.0,0.0,,,,,,,,,,,,0.0,,0.0,,,,,,,,,,,,,,,,,,,,,,,,,,,0.0,,,,,,,,,0.0,,,0.0,,0.0,0.0,,,,,,,,,,,,,,,,,,,,,,,,,0.0,,,,,,,,,
164,SRVC,SUN,,,,,,,,,,,,,,,,,,,,,,,,,,,,,,,,,,,,,,,,,,,,,,,,,,,,,,,,,,,,,,,,,,,,,,,,,,,,,,,,,,,,,,,,,,,,,,,,,,,,,,,,,,,,,,,,,,,,,,,,,,,,,,,,,,,,,,,,,,,,,,,,,,,,,,,,,,,,,,,,,,,,,,,,,,,,,,,,0.0,,,,,,,,,,,
165,SRVC,WDS,,,,,,,,,,,,,,,,,,,,,,,,,,,,,,0.0,,,,,,,,,0.0,,,,,,,,,2.9018231337026384e-05,,,0.0,0.0,0.0,,,,,,1.1239152445170052e-06,,,,,,,,,,,,,,0.0,,,,,,,,,,,,,4.320186856658504e-05,0.0,0.005555534622088936,,,,,,5.022040774878753e-05,,0.008274480688414368,1.539928384241265e-07,,,,,,,,,,,,0.0,,0.03490233211739514,,,,,,,,,,,,,,,,,,,,,,,,,,,,,,,,,,,,0.00017280747426634015,,,0.0003667817428240987,0.0003388381848359611,0.0016767698397640968,,,,,,,,0.0,,,,,,,,0.0006291957904356758,,,,,,,0.0005336701411166388,,,,,,,2.541286386269708e-07,,,,,
