, eGRID subregion acronym , Plant primary fuel ,"1,2,4-trimethylbenzene","1,4-DIOXANE",1-Methyl-2-pyrrolidinone,"2,2-BIS(4-HYDROXY-3,5-DIBROMOPHENYL)PROPANE","2,3-DICHLOROPROPENE","2,4/2,6-toluenediisocyanate (mixture)",2-PHENYLPHENOL,4-Methyl-2-pentanone,ACRYLAMIDE,ALUMINUM OXIDE,AMMONIA,ANTIMONY COMPOUNDS,ARSENIC COMPOUNDS,Acetaldehyde,Acetonitrile,Acetophenone,Acrolein,Acrylic acid,Acrylonitrile,Aluminum,Aniline,Anthracene,Asbestos,BARIUM COMPOUNDS,BERYLLIUM COMPOUNDS,BUTYL ACRYLATE,"Benzene, ethyl-","Benzene, hexachloro-","Benzene, pentachloro-","Benzo(g,h,i)perylene",Benzyl chloride,Biphenyl,Bisphenol A,Butadiene,Butanol,CADMIUM COMPOUNDS,CATECHOL,CHLORINE,CHROMIUM COMPOUNDS(EXCEPT CHROMITE ORE MINED IN THE TRANSVAAL REGION),COBALT COMPOUNDS,COPPER COMPOUNDS,CYANIDE COMPOUNDS,Cadmium,Chloroform,Cobalt,Creosol,Cresol,Cumene hydroperoxide,Cyanide,DIAMINOTOLUENES,DIETHANOLAMINE,Dibenzofuran,Dimethyl sulfate,Dimethylamine,"Dinitrotoluene, technical grade (2,4 (77%)- and 2,6 (19%)-)","Dioxins, measured as 2,3,7,8-tetrachlorodibenzo-p-dioxin",ETHENE,Epichlorohydrin,"Ethane, 1,1,1-trichloro-, HCFC-140","Ethane, 1,2-dichloro-","Ethene, tetrachloro-","Ethene, trichloro-",Ethylene glycol,Ethylene glycol monoethyl ether,Formaldehyde,Formic acid,HYDROFLUORIC ACID,HYDROGEN SULFIDE,HYDROQUINONE,Hexane,LEAD COMPOUNDS,MALEIC ANHYDRIDE,MANGANESE COMPOUNDS,MERCURY COMPOUNDS,METHYL BROMIDE,MOLYBDENUM(VI),"Methane, dichloro-, HCC-30","Methane, monochloro-, R-40","Methane, tetrachloro-, R-10",Methyl acrylate,Methyl methacrylate,N-(3-CHLORALLYL) HEXAMINIUM CHLORIDE,NICKEL COMPOUNDS,NICOTINE,NITRATE,NITRATE COMPOUNDS,NITRIC ACID,NITROGLYCERIN,Naphthalene,Nitrobenzene,PERACETIC ACID,PHTHALIC ANHYDRIDE,PYRIDINE,Phenanthrene,Phenol,"Phenol, 2,4-dichloro",Phosphorus,"Phthalate, dibutyl-","Phthalate, dimethyl-","Phthalate, dioctyl-",Polychlorinated biphenyls,Propene,"Propene, 1,3-dichloro-",Propylene oxide,QUINOLINE,SEC-BUTYL ALCOHOL,SELENIUM COMPOUNDS,SELENIUM(IV),SILVER COMPOUNDS,TERT-BUTYL ALCOHOL,THALLIUM COMPOUNDS,Thiram,Triethyl amine,VANADIUM COMPOUNDS,Vinyl acetate,Xylene,ZINC COMPOUNDS,Zinc,antimony,arsenic,barium,benzene,chromium,copper,cumene,cyclohexane,dicyclopentadiene,dimethyl formamide,isobutyraldehyde,lead,manganese,mercury,methanol,nickel,o-xylene,propargyl alcohol,silver,styrene,toluene,vanadium
0,AKGD,JF,0.0,,,,,,,,,,,,,,,,,,,,,,,,,,0.0,,,,,,,,,,,,,,,,,,,,,,,,,,,,,,,,,,,,,,,,,,,0.0,,,,,,,,,,,,,,,,,,,,,,,,,,,,,,,,,,,,,,,,,,,,,,,,,,,,,,,,0.0,,,,,,,,,,,,,,
1,AKGD,NG,0.0,,,,,,,,,0.0,0.0,,,,,,,,,,,,,,,,6.767955389226021e-06,,,0.0,,,,,,,,,,,,,,,,,,,,,,,,,,0.0,,,,,,,,,,,,0.0004466850556889174,,1.3535910778452041e-05,5.4143643113808165e-05,,,0.0,,0.0,,,,,,,0.0,,,,,,0.0,,,,,,,,,,,,,0.0,,,,,,,,,,,,,,2.7071821556904083e-05,,,,,,6.767955389226021e-06,,,6.767955389226021e-06,1.3535910778452041e-05,,,,,,,0.0,,,,,,0.00014889501856297244,
2,AKGD,SUB,0.0,,,,,,,,,,,,,,,,,,,,,,,0.09481632084524044,,,0.0,,,,,,,,,,,,,,0.0,,,,,,,,,,,,,,,0.0,,,,,,,,,,,0.0,,,,0.006258321255139784,,0.0331467892097853,9.503093236750374e-06,,,,,,,,,,,,,,0.0,0.0,,,,,,,,,,,,,,,,,,,,,,,,,0.0,,0.0,0.0,,,,,,,0.23351868811846344,,,,,,0.1193457609616711,,0.0,,,,,,,,
3,AKGD,WC,,,,,,,,,,,,,,,,,,,,,,,,0.32091207616793527,,,,,,,,,,,,,,,,,,,,,,,,,,,,,,,,,,,,,,,,,,,,,,,0.002258551410666738,,0.054566602081708396,,,,,,,,,,,,,,,,,,,,,,,,,,,,,,,,,,,,,,,,,,,,,,,,,,,,,,,,,,,5.1275221215136764e-05,,,,,,,,
4,AKMS,DFO,0.0,,,,,,,,,,0.0,,,,,,,,,0.0,,,,,,,,,,,,,,,,,,0.0,,,,,,,,,,,,,,,,,,,,,,,,,,,,,,,,0.0,,,,,,,,,,,,,,,,,0.0,,,,,,,,,,,,,,,,,,,,,,,,,,,,,,,,,,,,,,,,,,,18.705286666666666,,,,,,,,,,
5,AZNM,BIT,,,,,,,,,,,,,,,,,,,,,,,,0.0,,,,,,,,,,,,,,,,,,,,,,,,,,,,,,,,0.0,,,,,,,,,,,,,,,0.0,,0.0,,,,,,,,,,,,,,,,,,,,,,,,,,,,,,,,,,,,,,,,,,,,,,,,,,,,,,,,,,,0.0,,,,,,,,
6,AZNM,DFO,,,,,,,,,,,0.0,,,,,,,,,,,,,,,,,,,,,,,,,,,,,0.0,8.80329696969697,,,,,,,,,,,,,,,,,,,,,,,,,,,,,,17689.124848484847,,,,,,,,,,,,,,,0.0,,,,,,,,,,,,,,,,,,,,,,,,,,,,,,,,,,,,,,,,,,,,,,,,,,,,,,
7,AZNM,NG,,,,,,,,,,,0.0,,,,,,,,,,,,,,,,,,,,,,,,,,,,,0.0,0.06738353576248313,,,,,,,,,,,,,,,,,,,,,,,,,,,,,,30.628879892037787,,,,,,,,,,,,,,,0.0,,,,,,,,,,,,,,,,,,,,,,,,,,,,,,,,,,,,,0.0,,,,,,,,0.0,,,0.0,,,,,,
8,AZNM,SUB,,,,,,,,,,,0.0,,0.0,,,,,,,,,,,0.0,,,,,,0.0,,,,,,,,,0.0,0.0,0.0,,,,0.0,,,,,,,,,,,0.0,,,,,,,,,,,0.0,,,,0.0,,0.0,0.0,3.266347026344781e-07,,,,,,,,0.0,,,,,,0.0,,,,,,,,,,,,,,,,,,,0.0,,,,,,0.0,,,0.0,,,0.0,0.0,,0.0,0.0,,,,,,0.0,0.0,0.0,,0.0,,,,,,0.0
9,CAMX,BIT,,,,,,,,,,,0.0,,,,,,,,,,,,,,,,,,,,,,,,,,,,,,,,,,,,,,,,,,,,,,,,,,,,,,,,,,,,0.0,,,0.0,,,,,,,,,,,,,,,,,,,,,,,,,,,,,,,,,,,,,,,,,,,,,,,,,,,,,,,,,,0.0,,,,,,,,
10,CAMX,NG,0.0,,,,,,,,,,0.0,,,0.0,,,,,,,,0.0,,,,,0.0,,,1.7388461833133283e-07,,,,0.0,,,,,2.4579652192023324e-05,6.806672914714152e-06,5.672227428928461e-05,0.0,,,,,0.0,,0.0,,0.0,,,,,0.0,0.0,,,,0.0,,,0.0,,,0.0,0.0,,0.0,0.0006927966243107169,,,8.224729771946267e-07,,0.0,,,,,,,4.6795876288659794e-05,,,0.24826644897959183,0.0,,0.0,,,,,0.0,0.0,,,,,,,0.0,,,,,,,0.0,,,,,9.359175257731959e-05,,0.0,8.082924086223055e-05,,,,0.0,0.0,,0.0,0.0,0.0,,,,0.0,,0.0,0.0,,,,,0.0,0.0,
11,CAMX,OG,0.0,,,,,,,,,,0.0,,,,,,,,,,,,,,,,1.1725502554750183e-06,,,0.0,,0.0,,0.0,,,,,,1.993335434307531e-05,3.517650766425055e-06,,,,,,,,0.0,,,,,,,0.0,0.0,,,,0.0,,,,,,,0.0,,0.0,1.348432793796271e-05,,,0.0,,1.93470792153378e-05,,,,,,,4.2211809197100656e-05,,,0.0,,,5.862751277375091e-07,,,,,,2.3451005109500365e-06,,,,,,,0.0,,,,,,,,,,,,3.283140715330051e-05,,3.517650766425055e-06,0.00016298448551102754,,,,,0.0,,,5.862751277375091e-07,0.0,,,,,,,0.0,,,,,0.0,1.1725502554750183e-06,
12,CAMX,OTH,,,,,,,,,,,0.0,,,,,,,,,,,,,,,,,,,,,,,,,,,,,,,,,,,,,,,,,,,,,,,,,,,,,,,,,,,,,,,,,,,,,,,,,,,,,,,,,,,,,,,,,,,,,,,,,,,,,,,,,,,,,,,,,,,,,,,,,,,,,,,,,
13,CAMX,PRG,0.0,,,,,,,,,,0.0,,,,,,,,,,,,,,,,0.0,,,0.0,,0.0,,0.0,,,,,,,,,,,,,,,,,,,,,,0.0,0.0,,,,,,,,,,,0.0,,0.0,,,,0.0,,,,,,,,,,,,,,,0.0,,,,,,0.0,,,,,,,0.0,,,,,,,,,,,,,,0.0,,,,,,0.0,,,0.0,0.0,,,,,,,,,,,,0.0,0.0,
14,CAMX,SUN,,,,,,,,,,,0.0,,,,,,,,,,,,,,,,,,,,,,,,,,,,,,,,,,,,,,,,,,,,,0.0,,,,,,,,,,,,,,,,,,,,,,,,,,,,,,,,,,,,,,,,,,,,,,,,,,,,,,,,,,,,,,,,,,,,,,,,,,,,,,,,,,,,
15,CAMX,WDS,,,,,,,,,,,0.0,,,,,,,,,,,,,,,,,,,,,,,,,,,,,,,,,,,,,,,,,,,,,0.0,,,,,,,,,,,,,,,0.0,,,,,,,,,,,,,,,,,,,,,,,,,,,,,,,,,,,,,,,,,,,,,,,,,,,,,,,,,,,0.0022812215061357817,,,,,,,,,,
16,CAMX,WH,,,,,,,,,,,0.0,,,,,,,,,,,,,,,,,,,3.983501535761299e-06,,,,,,,,,,,,,,,,,,,,,,,,,,0.0,,,,,,,,,,,,,,0.0,0.0,,,0.0,,,,,,,,,,,,,,,,,,,,,,,,,,,,0.0,,,,,,,,,,,,,,,,,,,,,,,,,,,,,,,0.0,,,,,,,
17,ERCT,BLQ,,,,,,,,,,,0.0,,,0.0,,,,,,,,,,0.0,,,,,,,,,,,,,0.0,0.0,,,,,,,,,0.0,,,,,,,,,0.0,,,,,,,,,0.0,0.0,,0.0,,,0.0,,0.0,0.0,,,,,,,,,,,0.0,0.0,,,,,,,,,0.0,,,,,,,,,,,,,,,,,,,0.0,,,0.0,,,,,,,,,,,,,,,,0.0,,,,,,,
18,ERCT,DFO,,,,,,,,,,,,,,,,,,,,,,,,,,,,,,,,,,,,,,,0.0,0.0,,,,,,,,,,,,,,,,,,,,,,,,,,,,,,,0.0,,,,,,,,,,,,,,,,,,,,,,,,,,,,,,,,,,,,0.0,,,,,,,,,,,,,,,,,,,,,,,,,,,,,,,,,
19,ERCT,LIG,0.0,,,,,,,,,,0.0,,0.0009830680376543006,,,,,,,,,,,0.008628287050842632,0.0,,,0.0,,,,,,,,,,0.0,0.0007123075960225161,0.0,0.0030176288123383976,,,,,,,,,,,,,,,0.0,,,,,,,,,,,0.0,,,0.0,0.0007832946531236845,,0.006042394626494225,2.913985620092111e-05,,,,,,,,,0.0008589886499600558,,,,,,0.0,,,,,,,,,,,,,,,,,,0.0010431441856355544,,,,0.0,,,0.002960254280654864,,,0.0023350320326621975,,,,,,,,,,,,,,,,,,,,,,,
20,ERCT,NG,3.8141628498925094e-06,0.0,0.0,0.0,0.0,0.0,,0.0,0.0,0.0,0.0,0.0,0.0,0.0,0.0,0.0,0.0,0.0,0.0,,0.0,0.0,,0.004614966880350955,,0.0,3.017799177936931e-06,0.0,0.0,0.0,,0.0,0.0,0.0,0.0,,,0.0,3.50776675783108e-05,6.711788351339721e-06,4.697272023849969e-05,0.0,,0.0,,,0.0,0.0,0.0,0.0,0.0,0.0,,,,0.0,0.0,0.0,0.0,0.0,0.0,0.0,0.0,0.0,0.0,0.0,0.0,8.801914268982714e-07,0.0,3.5207657075930856e-07,0.0,0.0,0.00010449813540463411,0.0,0.0,0.0,0.0,0.0,0.0,,0.0,,1.1715884982381892e-05,,0.0,0.0,0.0,,2.933971422994238e-07,,,0.0,0.0,0.0,2.514832648280776e-07,,,,0.0,,,1.600348048905948e-07,0.0,0.0,0.0,,,,,0.0,,,0.0,0.000338038975334647,0.0,4.778182031733474e-06,3.222378077363716e-05,,,,,8.801914268982715e-07,,,0.0,3.911961897325651e-07,0.0,0.0,0.0,0.0,0.0,0.0,0.0,,3.5207657075930857e-06,,0.0,0.0,1.7603828537965433e-06,
21,ERCT,OTH,,,,,,,,,,,0.0,,,0.0,,,,,,,,,,,,,,,,,,,,0.0,,,,,,,,,,,,,,,,0.0,,,,,,,,,,0.0,,0.0,0.0,,,,,0.0,0.0,0.0,,,,0.0,,,,,,,,,,,,,,,,,,,0.0,,0.0,,,,,,,0.0,,,,,,,,0.0,,,0.0,0.0,0.0,0.0,,,,,,0.0,,,,0.0,,,,0.0,,,0.0,,,,,0.0,0.0,
22,ERCT,PC,,,,,,,,,,,,,,,,,,,,,,,,,,,0.0,,,0.0,,,,,,,,,,,,,,,,,,,,,,,,,,,0.0,,,,,,,,,,,0.0,,,,,,,,,,,,,,,,,,,,,0.0,,,,,0.0,,,,,,,,0.0,,,,,,,,,,,,,,0.0,,,,,,0.0,,,,,,,,,,,,,,,,,0.0,
23,ERCT,PRG,0.0,,,,,,,,,0.0,0.0,0.0,,,,,,,,,,0.0,,,,,0.0,,,0.0,,,0.0,0.0,0.0,,,0.0,,,,,,,,,,,0.0,,,,,,,0.0,0.0,0.0,,,0.0,,0.0,,,,0.0,0.0,,0.0,0.0,,,0.0,,,,,,,,,0.0,,,0.0,,,0.0,,,,,,0.0,,,,,,,0.0,,,,,,,,0.0,,,,,,0.0,,,,,,0.0,,,0.0,0.0,,,,,,,0.0,,,,,0.0,0.0,
24,ERCT,PUR,,,,,,,,0.0,,,,,,0.0,,,,,,,,,,,,,,,,,,,,,0.0,,,,,,,,,,,,,,,,,,,,,,0.0,,,,,,,,,,,,,,,,,,,,,,,,,,0.0,,,,,,,,,,,,,,,,,,,0.0,,,,,,,,,,,,,0.0,,,,,,,,,,,,,,0.0,,,,,,,,,,,
25,ERCT,SUB,,,,,,,,,,,0.0,,0.0,,,,,,,,,,,0.0018460573102118045,,,,0.0,,0.0,,,,,,,,0.0,2.630825068523971e-05,2.6847153400734985e-05,4.704327829263297e-05,,,,,,,,,,,,,,,0.0,,,,,,,,,,,0.0,,,,0.0,,4.186981223681097e-05,0.0,0.0,,,,,,,,2.343176996356109e-05,,,,,,0.0,,,,,,,,,,,,,,,,,,0.0,,,,0.0,,,6.767835313860558e-05,,,4.4280177108418605e-05,,,,,,,,,,,,,,,0.0,,,,,,,,
26,ERCT,WH,,,,,,,,,0.0,,0.0,,,0.0,0.0,,0.0,0.0,0.0,,,,,,,,,,,,,,,,,,,0.0,,,,0.0,,,,,,,0.0,,,,,,,,,,,,,,,,,,,,0.0,,,,,,,0.0,,,,,,,0.0,,,0.0,,,,,,,0.0,,,,,,,,,0.0,,,,,,,,,,,,0.0,,,,,,,,0.0,,,,,,,,,,,0.0,,,,,,,
27,FRCC,BIT,0.0,,,,,,,,,,2.1823842572439524e-05,,6.716006215841042e-07,,,,,,,,,,,4.907426545236886e-06,1.929886843632483e-07,,,,,0.0,,,,,,,,0.0,2.393059686104279e-06,2.3930596861042793e-07,9.006138603618255e-07,,,,,,,,,,,,,,,0.0,,,,,,,,,,,0.0,,,0.0,5.513962410378523e-07,,2.959159826903141e-05,2.7569812051892614e-09,,0.0,,,,,,,5.8238254619211085e-06,,,,,,0.0,,,,,,,,,,,,,,,,,,2.894830265448725e-06,,,,2.894830265448725e-06,,,2.393059686104279e-06,,0.0,6.432956145441611e-06,,,,0.0,,,,,,,,,0.0,,0.0,,,,,,,,
28,FRCC,BLQ,,,,,,,,,,,0.0,,,0.0,,,,,,,,,,0.0,,,,,,0.0,,,,,,,0.0,0.0,,,,,,0.0,,,0.0,,,,,,,,,0.0,,,,,,,,,0.0,0.0,,0.0,,,0.0,,0.0,,,,,,,,,,,,,0.0,,,,,,,,,0.0,,,,,,,,,,,,,,,,,,,,,,0.0,,,,,,,,,,,,,,,,0.0,,,,,,,
29,FRCC,DFO,0.0,,,,,,,,,,,,,,,,,,,,,,,,,,,,,,,,,,,,,,,,,,,,,,,,,,,,,,,,,,,,,,,,,,,,,0.0,,,,,,,,,,,,,,,,,,,0.0,,,,,,,,,,,,,,,,,,,,,,,,,,,,,,,,,,,,,,,,,,,,,,,,,,,
30,FRCC,NG,0.0,,,,,,,,,,0.007732741823860309,,,3.103440744862259e-05,,,,,,,,,,0.0009521094556837378,,,,,,1.3343575609339417e-05,,0.0,,,,,3.6848816338294276e-06,,0.0,,,,,,,,2.5583399114555396e-06,,,,,,,,,0.0,,,,,,,,,1.4499682168618752e-05,,0.0,0.00036630776004931587,,0.0,0.0008176512501100802,,0.010284235723606787,1.4317981890816513e-06,,,,,,,,,,,,2.056847144721357e-05,0.0,,0.0,,0.0,,,,1.9550949891521025e-05,,,,,,,,,,,,,,,,,,,7.151722934296168e-05,,,0.004324466611693313,,,,,,,0.0,,,,,,0.0,,0.0,0.0037359999786511252,,,,,,,
31,FRCC,NUC,,,,,,,,,,,0.0,,,,,,,,,,,,,,,,,,,2.2138466442432803e-09,,,,,,,,,,,0.0,,,,,,,,,,,,,,,,,,,,,,,,,,,,,,,,,,,,,,,,,,,,,,,,0.0,,,,,,,,,,,,,,,,,,,,,,,,,,,,,,,,,,,,,,,,,7.412432960635984e-08,,,,,,,,,,
32,FRCC,OTH,,,,,,,,,,,0.0,,,,,,,,,,,,,,,,,,,,,,,,,,,,,,,,,,,,,,,,,,,,,,,,,,,,,,,,0.0,0.0,,,0.0,,,0.0,,,,,,,,,,,,,,,,,,,,,,,,,,,,,,,,,,,,,,,,0.0,,,0.0,,,,,,,,,,,,,,,,,,,,,,,
33,FRCC,SGC,,,,,,,,,,,0.0,,,,,,,,,,,,,0.0,,,,,,,,,,,,,,,0.0,,,,,,,,,,,,,,,,,,,,,,,,,,,,0.0,0.0,,,0.0,,0.0,0.0,,,,,,,,,0.0,,,,,,,,,,,,,,,,,,,0.0,,,,,,,,,,,,0.0,,,0.0,,,,,,,,,,,,,,,,,,,,,,,
34,FRCC,WH,,,,,,,,,,,0.011671463673719955,,,,,,,,,,,,,,,,,,,,,,,,,,,,0.0030637592143514885,,0.0,,,,,,,,,,,,,,,,,,,,,,,,,,0.0,0.0,,,3.793225693958985e-05,,,1.6777729030972434e-08,,,,,,,,,,,,0.0,,,,,,,,,,,,,,,,,,,,,,,,,,,,0.0011671463673719954,,,0.0,,,,,,,,,,,,,,,,,,,,,,,
35,HIMS,DFO,,,,,,,,,,,0.0,,,,,,,,,,,,,,,,,,,0.0,,,,,,,,,,,,,,,,,,,,,,,,,,0.0,,,,,,,,,,,,,,,0.0,,,,,,,,,,,,,,,,,,0.0,,,,,,,,,,,,,,,,,,,,,,,,,,,,,,,,,,,,,,,,,,,,,,,,,,,
36,HIMS,OTH,,,,,,,,,,,0.0,,,,,,,,,,,,,,,,,,,,,,,,,,,,,,,,,,,,,,,,,,,,,,,,,,,,,,,,,,,,,,,,,,,,,,,,,,,,,,,,,,,,,,,,,,,,,,,,,,,,,,,,,,,,,,,,,,,,,,,,,,,,,,,,,
37,HIMS,RFO,,,,,,,,,,,,,,,,,,,,,,,,,,,,,,0.0,,,,,,,,,,,,,,,,,,,,,,,,,,,,,,,,,,,,,,,,,0.0,,,,,,,,,,,,,,,,,,,,,,,,,,,,,,,,,,,,,,,,,,,,,,,,,,,,,,,,,,,,,,,,,,,,,
38,HIMS,WO,,,,,,,,,,,0.0,,,,,,,,,,,,,,,,0.0,,,,,,,,,,,,,,,,,,,,,,,,,,,,,,,,,,,,,,,,,,,0.0,,,,,,,,,,,,,,,,,,,,,,,,,,,,,,,,,,,,,,,,,,,,,,0.0,,,,,,0.0,,,,0.0,,,,,,,,,,,,,0.0,
39,HIOA,BIT,,,,,,,,,,,0.0,,,,,,,,,,,,,0.0,,,,,,,,,,,,,,,,,,,,,,,,,,,,,,,,0.0,,,,,,,,,,,,,,,0.0,,,0.0,,,,,,,,,,,,,,,,,,,,,,,,,,,,,,,,,,,,,,,,0.0,,,0.0,,,,,,,,,,,,,,,,,,,,,,,
40,HIOA,OBL,,,,,,,,,,,,,,,,,,,,,,,,,,,,,,,,,,,,,,,,,,,,,,,,,,,,,,,,,,,,,,,,,,,,,,,,,,,,,,,,,,,,,,,,,0.0,,,,,,,,,,,,,,,,,,,,,,,,,,,,,,,,,,,,,,,,,,,,,,,,,,,
41,HIOA,RFO,,,,,,,,,,,,,,,,,,,,,,,,,,,,,,0.0,,,,,,,,,,,,,,,,,,,,,,,,,,0.0,,,,,,,,,,,,,,,0.0,,,0.0,,,,,,,,,0.0,,,,,,0.0,,,,,,,,,,,,,,,,,,,,,,,,,,,,,,,,,,,,,,,,,,,0.0,,,,,,,,
42,HIOA,WO,0.0,,,,,,,0.0,,,0.0,,,,,,,,,,,,,,,,0.0,,,0.0,,,,,,,,,,,,,,,,,,,,,,,,,,,0.0,,,,,,,0.0,,,,0.0,,0.0,0.0,,,0.0,,0.0,,,,,,,0.0,,,,,,0.0,,,,,,,,,,,,,0.0,,,,,,,,,,,,,,0.0,,,,,,0.0,,,,0.0,,,,,,,,,,,,,0.0,
43,MROE,BIT,,,,,,,,,,,0.0,,,,,,,,,,,,,0.0,,,,,,0.0,,0.0,,,,,,0.0,0.0,,,,,,,,,,,,,,,,,0.0,,,,,,,,,,,0.0,0.0,,,0.0,,,0.0,,,,,,,,,0.0,,,0.0,,,,,,,,,,,,,,,0.0,,,,,,,,,,,,,0.0,,0.0,0.0,,,,,,,,,,,,,0.0,,,0.0,,,,,,0.0,
44,MROE,BLQ,,,,,,,,,,,0.0,,,0.0,,,,,,,,,,0.0,,,,,,0.0,,,,,,,0.0,0.0,,,0.0,,,,,,0.0,,,,,,,,,0.0,,,,,,,,,0.0,0.0,,0.0,,,6.27754356066046e-07,,0.0,0.0,,,,0.0,,,,,,,,0.0,,,,,,,,,0.0,,,,,,,,,,,,,,,,,,,,,,0.0,,,,,,,,,,,,,,,,0.0,,,,,,,
45,MROE,DFO,,,,,,,,,,,,,,,,,,,,,,,,,,,,,,,,,,,,,,,,,,,,,,,,,,,,,,,,,,,,,,,,,,,,,,,,,,,,,,,,,,,,,,,,,,,,,,,,,,,,,,,,,,,,,,,,,,,,,,,,,,,,,,,,,,,,,,,,,,,,
46,MROE,NG,,,,,,,,,,,0.0,,,,,,,,,,,,,,,,,,,,,,,,,,,,,,,,,,,,,,,,,,,,,,,,,,,,,,,,,,,,9.649882537196555e-09,,,,,,,,,,,,,,,,,,0.0,,,,,,,,,,,,,,,,,,,,,,,,,,,,,,,,,,,,,,,,,,,,,,,,,,,
47,MROE,PC,,,,,,,,,,,,,,,,,,,,,,,,0.0,,,,,,,,,,,,,,0.0,0.0,,,,,,,,,,,,,,,,,,,,,,,,,,,,,,,,0.0,,0.0,0.0,,,,,,,,,0.0,,,,,,,,,,,,,,,,,,,,,,,,,,,,,,,0.0,,,,,,,,,,,,,,,,,,,,,,,,,,
48,MROE,PUR,,,,,,,,,,,,,,0.0,,,,,,,,,,,,,,,,,,,,,,,,0.0,,,,,,,,,,,,,,,,,,,,,,,,,,,0.0,,,,,,0.0,,,0.0,,,,,,,,,,,,,,,,,,,,,,,,,,,,,,,,,,,,,,,,,,,,,,,,,,,,,,,,,,,0.0,,,,,,,
49,MROE,SUB,,,,,,,,,,,0.0,,,,,,,,,,,,,0.017302340829193675,,,,,,0.0,,,,,,,,,0.0005609405372521055,,0.0007422887950508418,,,,,,,,,,,,,,,0.0,,,,,,,,,,,0.0,,,,0.00011169107504966663,,0.0010146476949047867,1.2693635452342149e-06,,,,,,,,,,,,,,,0.0,,,,,,,,,,,,,,,,,,,,,,,,,0.0009471984106670119,,,0.0009175934387109537,,,,,,,,,,,,,,,,0.0,,,,,,,
50,MROE,WAT,,,,,,,,,,,0.0,,,0.0,,,,,,,,,,0.0,,,,,,,,,,,,,,0.0,,,,,,,,,,,,,,,,,,0.0,,,,,,,,,0.0,0.0,,,,,2.412472518180281e-09,,0.0,0.0,,,,,,,,,,,,,,,,,,,,,,,,,,,,,,,,,,,,,,,,,,,0.0,,,,,,,,,,,,,,,,0.0,,,,,,,
51,MROE,WDS,,,,,,,,,,,,,,0.0,,,,,,,,,,0.0,,,,,,,,,,,,,,,,,,,,,,,,,,,,,,,,0.0,,,,,,,,,,,,,,,0.0,,0.0,,,,,,,,,,,,,,,,,,,,,,0.0,,,,,,,,,,,,,,,,,,,,,,,,,,,,,,,,,,,,,0.0,0.0,,,,,,,
52,MROW,AB,,,,,,,,,,,,,,,,,,,,,,,,,,,,,,,,,,,,,,,,,,,,,,0.0,,,,,,,,,,0.0,,,,,,,,,,,,,,0.0,0.0,,,,,,,,,,,,,,,,,,,,,,,,,,,,,,,,,,,,,,,,,,,,,,,,,,,,,,,,,,,,,,,,,,,,,
53,MROW,BIT,,,,,,,,,,,0.0,,,,,,,,,,,,,0.0,,,,,,,,,,,,,,,,,,,,,,,,,,,,,,,,0.0,,,,,,,0.0,0.0,,,0.0,,,,0.0,,,0.0,,,,,,,,,,,0.0,0.0,,,,,,,,,,,,,,,,,,,,,,,,,,,,,,,0.0,,,,,,0.0,0.0,,,,,,,0.0,,,0.0,,,,,,
54,MROW,BLQ,,,,,,,,,,,0.0,,,0.0,,,,,,,,,,0.0,,,,,,,,,,,,,0.0,0.0,,,,,,,,,0.0,,,,,,,,,0.0,,,,,,,,,0.0,0.0,,0.0,,,0.0,,0.0,0.0,,,,,,,,,,,,0.0,,,,,,,,,0.0,,,,,,,,,,,,,,,,,,,,,,0.0,,,,,,,,,,,,,,,0.0,0.0,,,,,,,
55,MROW,DFO,,,,,,0.0,,,,,0.0,,,0.0,,,,,,,,,,,,,0.0,,,,,,,,,,,,,,,,,,,,,,,,,,,,,,,,,,,,0.0,,,,,,,0.0,0.0,,,,,,,,,,,,,,,0.0,0.0,,0.0,,,,,,,,,,,,,0.0,,0.0,,,,,,,,,,,,0.0,0.0,,,,,0.0,0.0,0.0,,0.0,,,,0.0,0.0,,0.0,0.0,,,,,0.0,
56,MROW,LIG,,,,,,,,,,,0.0,,5.903358714888464e-05,,0.0,,,,,,,0.0,,0.010682976837270949,,,0.0,,,0.0,,0.0,,,,,0.0,0.0,0.0002766062546310834,0.0,0.00015986196183805104,,,,,,0.0,,0.0,,,0.0,,,,0.0,0.0,,0.0,,,,0.0,,,0.0,0.0,0.0,,0.0,5.0990058925023475e-05,,0.0009534668445391286,2.9375292499203494e-07,,,,,,,,,0.0,,,,,,0.0,,,,0.0,0.0,0.0,,,,,,,0.0,,,0.0,,0.0,,,,,,,0.0005832253834008855,,0.0,9.417262711845883e-05,,,,,0.0,,,,,,,,,,,0.0,,0.0,,,,0.0,
57,MROW,NG,,,,,,,,,,,0.0,,,,,,,,,,,,,,,,,,,,,,,,,,,,,,,,,,,,,,,,,,,,,0.0,,,,,,,,,,,,,,0.0,0.0014681770096345163,,,,,,,,,,,,,,,,,,0.0,,,,,,,,,,,,,,,,,,,,,,,,,,,,,,,,,,,,,,,,,0.0,,,,,,,,,,
58,MROW,PRG,0.0,,,,,,,,,,0.0,,,,,,,,,,,0.0,,,,,0.0,,,7.316805828685644e-07,,0.0,,0.0,,,,,,,,,,,,,,,0.0,,,,,,,0.0,0.0,,,,0.0,,,0.0,,,0.0,0.0,,0.0,0.0,,,0.0,,,,,,,,,,,,,,,0.0,,,,,7.316805828685644e-06,0.0,,,,,,,0.0,,,,,,,,,,,,,,0.0,,,,,,0.0,0.0,,0.0,0.0,,,,,0.0,,0.0,0.0,,,,,0.0,
59,MROW,PUR,,,,,,,,,,,,,,,,,,,,,,,,,,,,,,,,,,,,,,,,,,,,,,,,,,,,,,,,,,,,,,,0.0,,,,,,,,0.0,,,0.0,,,,,,,,,,,,,,,,,,,,,,,,,,,,,,,,,,,,,,,,,,,,,,,,,,,,,,,,,,,0.0,,,,,,,
60,MROW,RC,,,,,,,,,,,,0.0,0.0,,,,,,,,,,,0.0,,,,,,0.0,,,,,,,,0.0,0.0,0.0,0.0,,,,,,,,,,,,,,,0.0,,,,,,,,,,,0.0,,,,0.0,,0.0,0.0,,,,,,,,,0.0,,,,,,,,,,,,,,,,,,,,,,,,,,,,,,,0.0,,,0.0,,,,,,,,,,,,,,,,,,,,,,,
61,MROW,SUB,0.0,,,,,,,,,,0.09421396353268671,,0.0014494774055946432,0.0,,,,,,,,,,0.018124636854939105,,,,,,0.0,,,,,,,,0.0,0.0008543771649987619,0.00019730718987571235,0.0015807718573462603,,,,,,,,,,,,,,,0.0,,,,,,,0.0,,0.0,0.0,0.0,0.00320363209404871,,0.0,4.808307363316484e-05,,0.010735733861518569,2.5422320867306804e-06,,,,,,,,,0.0008506164838526415,,,0.42851192664055787,,,0.0,,0.0,,,,,,,,,,,,,,,,,,,,,,,0.0009035666762712525,,,0.0019980481113667926,,,,0.0,0.0,0.0,,,0.0,,,,0.0,,0.0,0.0,,,,,,0.0,
62,MROW,WDS,,,,,,,,,,,0.0,,,0.0,,,,,,,,,,0.012112401904496669,,,,,,0.0,,,,,,,,,,,0.0,,,,,0.0,,,,,,,,,,0.0,,,,,,,0.0,,0.0,0.0,,,,,7.467036997364984e-05,,0.0,0.0,,,,,,,,,,,,,,,,,,,,,,,,,,,,,,,,,,,,,,,,,,,0.0,,,,,,,,,,,,,0.0,,0.0,0.0,,,,,,,
63,NEWE,BIT,,,,,,,,,,,0.0,,,0.0,,,,,,,,,,0.0016733833542958755,,,,,,0.0,,,,,,,,,,,,,,,,,,,,,,,,,,0.0,,,,,,,,,0.0,0.0,0.0,,,,8.458460684390857e-05,,0.0013170511341458126,3.911123447687615e-06,,,,,,,,,,,,0.0,0.0,,0.0,,,,,,,,,,,,,,,,,,,,,,,,,0.0016832267857917335,0.0,,0.0,,,,,,,,,,,,,,,,0.0,,,,,,,
64,NEWE,BLQ,,,,,,,,,,,0.0,,,0.0,,,,,,,,,,0.0,,,,,,0.0,,,,,,,0.0,0.0,0.0,0.0,0.0,,,,,,0.0,,,,,,,,,0.0,,,,,,,,0.0,0.0,0.0,,0.0,,,0.0,,0.0,0.0,,,,,,,,,0.0,,,0.0,,,0.0,,,,,,0.0,,,,,,,,,,,,,,,,,,,0.0,,,0.0,,,,,,,,,,,,,,,,0.0,,,,,,,
65,NEWE,DFO,0.0,,,,,,,,,,0.0,,,,,,,,,,,,,,,,,,,,,,,,,,,,,,,,,,,,,,,,,,,,,,,,,,,,,,,,,,,,,,,,,,,,,,,,,,,,,,,,,,,,,,,,,,,,,,,,,,,,,,,,,,,,,,,,,,,,,,,,,,,,,,,,,
66,NEWE,NG,0.0,,,,,,,,,,0.004025178675419556,,,0.0,,,,,,,,,,0.0,,,,,,0.0,,,,,,,0.0,0.0,,,,,,,3.1104898171751226e-05,,0.0,,,,,,,,,0.0,,,,,,,0.0,0.0,0.0,0.0,0.0,0.0,,0.0,0.0,,0.0,,,,,,,,,,,,,0.1398258958476715,0.0,,0.0,,,,,,0.0,,,,,,,,,,,,,,,,,,,,,,,,,,,,2.488391853740098e-05,,,,,,,,,,0.0,2.0736598781167484e-05,,,,,,
67,NEWE,RFO,0.0,,,,,,,,,,0.0,,,,,,,,,,,,,,,,,,,0.0,,,,,,,,,,,,,,,,,,,,,,,,,,0.0,,,,,,,,,,,,,,,0.0,,0.0,0.0,,,,,,,,,,,,0.0,,,0.0,,,,,,,,,,,,,,,,,,,,,,,,,,,,,,,,,,,,,,,,,,,,,,,,,,,
68,NEWE,SUB,,,,,,,,,,,,,,,,,,,,,,,,,,,,,,0.0,,,,,,,,,,,,,,,,,,,,,,,,,,0.0,,,,,,,,,,,,,,,0.0,,,0.0,,,,,,,,,,,,,,,0.0,,,,,,,,,,,,,,,,,,,,,,,,,,,,,,,,,,,,,,,,,,,,,,,,,,,
69,NEWE,WAT,,,,,,,,,,,,,,,,,,,,,,,,,,,,,,,,,,,,,,,,,,,,,,,,,,,,,,,,,,,,,,,,,,,,,,,,,,,,,,,,,,,,,,,,,,,,,,,,,,,,,,,,,,,,,,,,,,,,,,,,,,,,,,,,,,,,,,,,,,,,
70,NEWE,WDS,,,,,,,,,,,0.0,,,,,,,,,,,,,,,,,,,0.0,,,,,0.0,,,,,,,,,,,,,,,,,,,,,0.0,,,,,,,,0.0,,,,,,,1.8056121245557435e-05,,0.0010343707648208782,4.945018130064724e-06,,,,,,,,,,,,,,,0.0,,,,,,,,,,,,,,,,,,,,,,,,,,,,0.0,,,,,,,,,,,,,,,,,,,,,,,
71,NWPP,BIT,,,,,,,,,,,0.0,0.0,0.0,,,,,,,,,,,0.0007559863361680843,2.3919689726971462e-05,,,,,0.0,,,,,,,,0.0,3.2692718785217833e-05,0.0,8.517589625230844e-05,,,,,,,,,,,,,,,0.0,,,,,,,,,,,0.0,,,,5.103849400779302e-05,,0.00012217063055201233,5.264931706208394e-07,,,,,,,,,2.3979220335030747e-05,,,,,,0.0,,,,,,,,,,,,,,,,,,0.0,,,,,,,0.00012714577930647317,,,7.264161722657544e-05,,,,0.0,,,,,,,,,,,0.0,0.0,,,,,,,
72,NWPP,BLQ,,,,,,,,,,,0.0,,,0.0,,,,,,,,,,0.0,,,,,,0.0,,,,,,,0.0,0.0,0.0,,,,,,,,0.0,,,,,,,,,0.0,,,,,,,,,0.0,,,0.0,,,0.0,,0.0,0.0,,,,0.0,,,,,0.0,,0.0,0.0,0.0,,0.0,,,,,,0.0,,,,,,0.0,,,,,,,,,,,,,,,,0.0,,,,,,,,,,,,,,,0.0,0.0,,,,,0.0,,
73,NWPP,NG,0.0002142261458593598,,,,,,,,,,0.002624142776267024,,,,,,,,,,,5.796707476194443e-05,,,,,0.00014111022464455508,,,0.0,,0.0,,0.0,,,,,,,,,,,,,0.0,,0.0,,,,,,,0.0,0.0,,,,0.0,,0.0,0.0,,,,0.0006120580038548838,,8.52078282428412e-05,0.0001854236579401377,,,0.0,,0.0,,,,,,,0.0008142162812983757,,,,,,3.490883336976474e-05,,,,,3.0243691180144916e-05,0.0,,,,,,,0.0,,,,,,,,,,,,,,0.0003634592332735779,0.007361407474752438,,,,,0.00010866769714755993,,,5.576823844509423e-06,7.434907415118959e-05,,,,,,,0.05121424397169285,,,,,,0.00014180716893312127,
74,NWPP,OTH,,,,,,,,,,,0.027691799460455677,,4.161650685114453e-05,,,,,,,,,,,0.0,,,,,,,,,,,,0.00015597854643553514,,0.0,0.0002807977563503298,,0.0011751434600283128,,,,,,,,,,,,,,,,,,,,,,,,,,0.0,,,,3.640307700526189e-05,,0.0002602774539918267,0.0,,,,,,,,,0.00010920923101578567,,,0.2540152760490398,0.0,,,,,,,,,,,,,,,,,,,,3.118964715937925e-05,,,,,,,0.0,,,0.004170774187344748,,,,,,,,,,,,,,,0.0,,,,,,,,
75,NWPP,PRG,,,,,,,,,,,,,,,,,,,,,,,,,,,,,,,,,,,,,,,,,,,,,,,,,,,,,,,,,,,,,,,,,,,,,,,,,,,,,,,,,,,,,,,,,,,,,,,,,,,,,,,,,,,,,,,,,,,,,,,,,,,,,,,,,,,,,,,,,,,,
76,NWPP,SUB,0.0,,,,,,,,,,1.5288040744625728e-05,0.0,0.0,,,,,,,,,,,0.0015554597089722088,0.0,,0.0,0.0,,0.0,,,,,,,,0.0,0.0,0.0,0.0,,,,,,,,,,,,,,,0.0,,,,,,,0.0,,,,0.0,,,,1.0512308936723544e-05,,0.00045178280668047445,2.6064392693104293e-07,0.0,,0.0,,,,,,0.0,,,0.0,,,0.0,,,,,,,,,,,,,,,,,,0.0,,,,0.0,,,9.128474900409627e-05,,,6.285895712133701e-06,,,,,,,,,,,,,,,,,,,,,,,
77,NWPP,WC,,,,,,,,,,,,,,,,,,,,,,,,0.0,,,,,,,,,,,,,,,0.0,,0.0,,,,,,,,,,,,,,,0.0,,,,,,,,,,,0.0,,,,0.0,,0.0,0.0,,,,,,,,,,,,,,,,,,,,,,,,,,,,,,,,,,,,,,,,0.0,,,0.0,,,,,,,,,,,,,0.0,,0.0,,,,,,,,
78,NWPP,WDS,,,,,,,,,,,0.0,,,0.0,,,,,,,,,,,,,,,,0.0,,,,,,,0.0,0.0,,,0.0,,,,,,,,,,,,,,,0.0,,,,,,,,,0.0,0.0,,0.0,,,0.001614849614551373,,0.0,0.0,,,,,,,,,,,,0.0,,,0.0,,,,,,0.0,,,,,,,,,,,,,,,,,,,,,,0.0,,,,,,,,,,,,,0.0,,,0.0,,,,,,,
79,NYCW,DFO,0.0,,,,,,,,,,,,,,,,,,,,,,,,,,,,,,,,,,,,,,,,,,,,,,,,,,,,,,,,,,,,,,,,,,,,,0.0,,,,,,,,,,,,,,,,,,,0.0,,,,,,,,,,,,,,,,,,,,,,,,,,,0.0,,,,,,,,,,,,,,,,,,,,,,,,
80,NYCW,NG,0.0,,,,,,,,,,0.0,,,,,,,,,,,,,,,,,,,0.0,,,,,,,,,,,,,,,,,,,,,,,,,,0.0,,,,,,,,,,,,,,0.0,,,,,,,,,,,,,,,,,,,0.0,,,,,,,,,,,,,,,,,,,,,,,,,,,0.0,,,,,,,,,,,,,,0.0,,,,,,,,,,
81,NYCW,RFO,,,,,,,,,,,,,,,,,,,,,,,,,,,,,,,,,,,,,,,,,,,,,,,,,,,,,,,,,,,,,,,,,,,,,,,,,,,,,,,,,,,,,,,,,,,,,,,,,,,,,,,,,,,,,,,,,,,,,,,,,,,,,,,,,,,,,,,,,,,,
82,NYLI,NG,0.0,,,,,,,,,,0.0,,,,,,,,,,,,,,,,0.0,,,,,0.0,,,,,,,,,,,,,,,,,,,,,,,,,,,,,,,,,,,,,,0.0,,,,,,,,,,,,,,,,,,,0.0,,,,,,,,,,,,,,,,,,,,,,,,,,,,,,,,,,,,,,,,,,,0.0,0.0,,,,,,,
83,NYLI,RFO,,,,,,,,,,,0.0,,,,,,,,,,,,,,,,,,,0.0,,,,,,,,,,,,,,,,,,,,,,,,,,0.0,,,,,,,,,,,,,,,0.0,,,,,,,,,,,,,,,,,,,,,,,,,,,,,,,,,,,,,,,,,,,,,,,,,,,,,,,,,,,,,,,,,,,,,
84,NYUP,BIT,,,,,,,,,,,0.0,,0.0,,0.0,,,,,,,,,0.0,,0.0,,,,,,,,,,,,,0.0,,0.0,,,,,,,,,,0.0,,,0.0,,0.0,,,,,,,0.0,0.0,0.0,0.0,0.0,,,,0.0,,0.0,0.0,,,,,,,,,0.0,,,0.0,,,,,,,0.0,,,,,,,,,,,,,,,,0.0,,,,0.0,0.0,,0.0,0.0,,,,,,,,,,,0.0,,,,,0.0,,,,,,0.0,
85,NYUP,NG,,,,,,,,,,,0.0,,,,,,,,,,,,,,,,,,,0.0,,,,,,,,,,,,,,,,,,,,,,,,,,,,,,,,,,,,,,,,0.0,0.0,,,,,,,,,,,,,,,,,,0.0,,,,,,,,,,,,,,,,,,,,,,,,,,,0.0,,,,,,0.0,,,,,,,,,,,,,,,,,,
86,NYUP,RFO,,,,,,,,,,,0.0,,,0.0,,,,,,,,,,,,,,,,0.0,,,,,,,0.0,0.0,,,,,,,,,,,,,,,,,,0.0,,,,,,,,,0.0,0.0,,0.0,,,0.0,,0.0,,,,,,,,,,,,,0.0,,,0.0,,,,,,0.0,,,,,,,,,,,,,,,,,,,,,,0.0,,,,,,,,,,,,,,,,0.0,,,,,,,
87,NYUP,SUB,,,,,,,,,,,0.0,,,,,,,,,,,,,0.0,,,,,,,,,,,,,,,,,,,,,,,,,,,,,,,,,,,,,,,,,,,0.0,,,,0.0,,,0.0,,,,,,,,,,,,,,,,,,,,,,,,,,,,,,,,,,,,,,,,,,,,,,,,,,,,,,,,,,,,,,,,,,
88,NYUP,WDS,,,,,,,,,,,0.0,,,,,,,,,,,,,,,,,,,0.0,,,,,,,,0.0,,,,,,,,,,,,,,,,,,0.0,,,,,,,,,,0.0,,0.0,,,0.0,,0.0,,,,,,,,,,,,,0.0,,,,,,,,,,,,,,,,,,,,,,,,,,,,,,,,,,,,,,,,,,,,0.0,,0.0,0.0,,,,,,,
89,RFCE,BIT,0.0,,,,,,,,,,0.00025097027486780955,0.0,0.0,,,,,,,1.4273471827473885,,,,6.5274122016475246e-06,0.0,,,,,0.0,,,,,,,,,0.0,0.0,0.0,,,,0.0,,,,,,,,,,,0.0,,,,,,,,,,,0.0,,,0.0,1.7777336622460605e-05,,0.0,1.112787747127343e-06,,0.0,,,,,,,0.0,,,,,,0.0,,,,,,,,,,,,,,,,,,0.0,,,,0.0,,,5.4347239274487776e-05,,,0.0,,,0.0,,0.0,,,,,,,,,,,,,,,,,,
90,RFCE,BLQ,,,,,,,,,,,0.0,,,0.0,,,,,,,,,,0.009196874610365322,,,,,,,,,,,,,0.0,0.0,,,,,,,,,,,,,,,,,,9.294558149551708e-11,,,,,,,,,0.0,0.0,0.0,0.0,,,0.0007968052109978048,,0.033938825485225046,5.230856421746243e-06,,,,,,,,,,,,,,,,,,,,,0.0,,,,,,,,,,,,,,,,,,,0.004176109962935116,,,0.004844973570961684,,,,,,,,,,,,,,,,0.0,,,,,,,
91,RFCE,COG,,,,,,,,,,,,,,,,,,,,,,0.0,,,,,,,,0.0,,,,,,,,,,,,,,,,,,,,,,,,,,,,,,,,,,,,,,,,,0.0,,,,,,,,,,,,,,,,,,0.0,,,,,0.0,,,,,,,,,,,,,,,,,,,,,,,,,,,,0.0,,,,,,,,,,,,,,,,,,
92,RFCE,DFO,,,,,,,,,,,,,,,,,,,,,,,,,,,0.0,,,0.0,,,,,,,,,,,,,,,,,,,,,,,,,,,,,,,,,,,,,,,,,,,,,,,,,,,,,,,,,,,0.0,,,,,,,,,,,,,,,,,,,,,,,,,,,,,,,,,0.0,,,,,,,,,,,,,,,,,,
93,RFCE,KER,,,,,,,,,,,,,,,,,,,,,,,,,,,,,,,,,,,,,,,,,,,,,,,,,,,,,,,,,,,,,,,,,,,,,,,,,,,,,,,,,,,,,,,,,,,,,,,,,,,,,,,,,,,,,,,,,,,,,,,,,,,,,,,,,,,,,,,,,,,,
94,RFCE,NG,0.0,,0.0,,,,0.0,,,,0.0,,,,0.0,,,,,,,,,,,,0.0,,,,,,,,,,,0.0,,,,,,,,,,,,,,,,,,0.0,,,,,,,0.0,,,,,,,0.0,,,,,,,0.0,,,,,,,,,0.0,,,0.0,,,,,,,,,,,,,,,,,,,,,,,,,,,,,,,,,0.0,0.0,,,,,0.0,,0.0,0.0,0.0,0.0,0.0,,,,,0.0,
95,RFCE,OTH,0.0,,,,,,,,,,0.0,0.0,,,,,,,,,,,,,,,0.0,,,0.0,,,,0.0,,,,,,0.0,,,,,,,,,0.0,,,,,,,0.0,0.0,,,,0.0,,0.0,,,,,0.0,,0.0,0.0,,0.0,0.0,,0.0,,,,,,,0.0,,,0.0,,,0.0,,,,,,0.0,,,,,,,0.0,,,,,,,,0.0,,,,,,0.0,0.0,,,,,0.0,,,0.0,0.0,,,,,,,0.0,,,,,,0.0,
96,RFCE,PRG,0.0,,,,,,,,,,0.0,,,,,,,,,,,,,,,,0.0,,,0.0,,,,,,,,,,0.0,,,,,,,,,0.0,,,,,,,,0.0,,,,0.0,,0.0,,,,0.0,0.0,,0.0,,,,0.0,,0.0,,,,,,,,,,,,,0.0,,,,,,0.0,,,,,,,0.0,,,,,,,,,,,,,,0.0,,,,,,0.0,,,0.0,0.0,,,,,,,0.0,,,,,0.0,0.0,
97,RFCE,RFO,,,,,,,,,,,0.0,,,,,,,,,,,,,,,,,,,0.0,,,,,,,,,,,,,,,,,,,,,,,,,,0.0,,,,,,,,,,,,,,,,,,,,,,,,,,,,,,,,,,,,,,,,,,,,,,,,,,,,,,,,,,,,,,,,,,,,,,,,,,,,0.0,,,,,,,,
98,RFCE,SUB,,,,,,,,,,,0.0,,,,,,,,,,,,,0.0,,,,,,,,,,,,,,,,,,,,,,,,,,,,,,,,,,,,,,,,,,,,,,,0.0,,0.0,0.0,,,,,,,,,,,,,,,,,,,,,,,,,,,,,,,,,,,,,,,,,,,,,,,,,,,,,,,,,,,,,,,,,,
99,RFCE,WC,0.0,,,,,,,,,,0.01904999484417535,,0.006983194009029319,,,,,,,,,,,0.12605640695882586,,,,,,5.94967723210733e-07,,0.0,,,,,,,0.021556792782051942,0.0,0.016731132596348307,,,,0.004901687477342018,,,,,,,,,,,1.077261710962165e-10,,,,,,,,,,,0.0,,,0.0,0.013804322432437954,,0.07546570879827669,0.00023664311967544206,,,,,,,,,0.00845676645311548,,,,,,0.0,,,,,,,,,,,,,,,,,,0.0067239851206141,,,,,,,0.030311770925824495,,,0.11446952360306278,,,,,,,,,,,,,,,0.0002451859051267833,,,,,,,,0.0357662749278569
100,RFCM,BIT,,,,,,,,,,,,,,0.0,,,,,,,,,,0.0,,,,,,,,,,,,,,0.0,,,,,,,,,,,,,,,,,,0.0,,,,,,,,,0.0,,0.0,,,,3.685364768336e-05,,,1.9513704990198437e-07,,,,,,,,,0.0,,,,,,,,,,,,,,,,,,,,,,,,,,,,,,,0.0,,,0.0,,,,,,,,,,,,,0.0,,4.872477458136539e-06,0.0,,,,,,,
101,RFCM,NG,,,,,,,,,,,0.0,,,,,,,,,,,,,,,,,,,,,,,,,,,,,,,,,,,,,,,,,,,,,0.0,,,,,,,0.0,,,,,,,0.0,0.0,,0.0,0.0,,,,,,,,,,,,0.0,,,,,,,,,,,,,,,,,,,,,,,,,,,,,,,0.0,,,,,0.0,0.0,0.0,,,,,,,0.0,,,0.0,,,,,,
102,RFCM,NUC,,,,,,,,,,,,,,,,,,,,,,,,,,,,,,,,,,,,,,,,,,,,,,,,,,,,,,,,,,,,,,,,,,,,,,,,,,,,,,,,,,,,,,,,,,,,,,,,,,,,,,,,,,,,,,,,,,,,,,,,,,,,,,,,,,0.000179633533386378,,,,,,,,,,
103,RFCM,SUB,,,,,,,,,,,0.0,,0.0,,,,,,,,,,,0.0,,,,,,0.0,,,,,,,,,5.9818138599475676e-05,0.0,5.62884026537435e-05,,,,,,,,,,,,,,,0.0,,,,,,,,,,,0.0,,,,5.2107309730178565e-08,,1.2374239899654651e-05,0.0,,,,,,,,,1.2838850787731932e-05,,,,,,,,,,,,,,,,,,0.0,,,,,,0.0,,,,,,,0.0,,,0.0,,,,,0.0,,,,,,,,,,,,,,,,,,
104,RFCW,BIT,0.0,,,,,,,,,,7.86098873386156e-07,0.0007161492104488988,0.0006211264692678801,1.3186659952744317e-05,,,0.0,,,,,,,0.005626076343916478,0.00010482575317179347,,,,,3.0948571113771523e-09,,,,,,,0.0,0.0,0.000926890161528305,0.00019788003809937887,0.0006631004829929463,,,,,,0.0,,,,,,,,,0.0,,,,,,,,,0.0,0.0,0.0,0.0,,0.0,0.0028595596532651484,,0.0013168340685875272,6.973848456595363e-06,,0.0,,0.0,,,,,0.0007069224744231136,,,0.0,0.0,0.0,0.0,,,,,,0.0,,,0.0,,,,,,5.274663981097727e-05,,,0.00010391352219350361,,,,0.0008952580292812455,,,0.0013854683132788039,,,0.001288655280510142,,,,,,,,,,,,,0.010231771231696812,,5.046585139309367e-05,0.0,,,,,,,
105,RFCW,BLQ,,,,,,,,,,,0.0,,,3.1777149168121415e-06,,,,,,,,,,0.005111427670626634,,,,,,,,,,,,,2.1633796477727504e-08,0.0,,,,,,,,,,,,,,,,,,0.0,,,,,,,,,4.460525276995974e-06,0.0,0.0,7.760739890982935e-05,,,0.0001227012438800754,,0.09458177233502559,1.2134803920850221e-05,,,,,,,,,,,,,,,,,,,,,9.225884783925326e-07,,,,,,,,,,,,,,,,,,,0.0008049201598532949,,,0.0004908049755203016,,,,,,,,,,,,,0.0050134120951939865,,,0.0016620338451672663,,,,,,,
106,RFCW,COG,0.0,,,,,,,,,,0.0,,,,0.0,,,,,,,0.0,,,,,0.0,,,0.0,,0.0,,,,,,,,,,0.0,,,,,0.0,,0.0,,,0.0,,,,,0.0,,,,,,,,,,,0.0,,,0.0,,,0.0,,,,,,,,,,,,0.0,,,0.0,,,,0.0,0.0,0.0,,,,,,,0.0,,,,,,,,,,,,,,0.0,,,,,,0.0,,,,,0.0,,,0.0,,0.0,0.0,,,,,0.0,0.0,
107,RFCW,NG,0.0,,,,,,,,,,0.0,,,0.0,,,,,,,,,,,,,,,,,,,,,,,,,,,,,,,,,,,,,,,,,,0.0,,,,,,,0.0,0.0,,,,,,0.0,0.0,,0.0,0.00010440019461276482,,,,,,,,,,,,,,,0.0,,,,,,,,,,,,,,,,,,,,,,,,,,,,0.0,,,,,,0.0,0.0,,,,,,,0.0,,0.0,0.0,,,,,,
108,RFCW,NUC,,,,,,,,,,,,,,,,,,,,,,,,,,,,,,,,,,,,,,,,,,,,,,,,,,,,,,,,,,,,,,,,,,,,,,,,,,,,,,,,,,,,,,,,,,,,,,,,,,,,,,,,,,,,,,,,,,,,,,,,,,,,,,,,,,0.0,,,,,,,,,,
109,RFCW,PC,0.4575806451612903,,,,,,,,,,0.0,,,,,,,,,,,,,,,,0.4575806451612903,,,0.0,,,,0.0,,,,,,,,,,,,,,,,,,,,,,0.0,0.0,,,,0.0,,,,,,,0.0,,0.4575806451612903,0.0,,0.0,0.0,,0.0,,,,,,,0.0,,,,,,0.009151612903225807,,,,,,0.0,,,,,,,0.0,,,,,,,,,,,,0.0,,0.4575806451612903,0.0,,0.0,,,0.4575806451612903,,,0.009151612903225807,0.009151612903225807,,,,0.0,,0.0,0.0,,,,,,0.4575806451612903,
110,RFCW,PRG,0.0,,,,,,,,,,0.0,0.0,0.0,,,,,,,0.0,,0.0,,0.0,0.0,,0.0,,,0.0,,0.0,,0.0,,0.0,,,0.0,0.0,0.0,,,,,,0.0,,0.0,,0.0,0.0,,,,0.0,0.0,,,,0.0,,0.0,,,,0.0,0.0,,0.0,0.0,,0.0,0.0,,0.0,,,,,,,0.0,,0.0,0.0,,,0.0,,,,0.0,0.0,0.0,,,,,,,0.0,,,0.0,,0.0,,0.0,,0.0,,,0.0,,0.0,0.0,,0.0,,,0.0,,,0.0,0.0,,,,,,,0.0,,,,,0.0,0.0,
111,RFCW,SGC,,,,,,,,,,,,,,,,,,,,,,,,1.5936428424223847e-07,,,,,,0.0,,,,,,,,,0.0,,,,,,,,,,,,,,,,,0.0,,,,,,,,,,,0.0,,,,4.780928527267154e-08,,1.5936428424223847e-07,0.0,,,,,,,,,0.0,,,,,,0.0,,,,,,,,,,,,,,,,,,,,,,,,,1.5936428424223847e-07,,,1.5936428424223847e-07,,,,,,,,,,,,,,,,,,,,,,,
112,RFCW,SUB,,,,,,,,,,,0.0,1.3576525579511745e-07,2.429982032747987e-05,,,,,,,,,3.563670220257371e-07,,0.021374511530097257,,,,,,9.173872065813314e-08,,,,,,,,,0.00024380747844794388,8.04214076403653e-05,0.00021015722357218275,,,,,,,,,,,,,,,0.0,,,,,,,,,,,0.0,,,,0.00044967183344648144,,0.0002531910720874296,3.666042488557651e-06,,,,,,,,,0.00011649741834268942,,,,,,3.199454977650478e-07,,,,,3.563670220257371e-07,,,,,,,,,,,,,,,,,1.3576525579511745e-07,,,0.0013655333035309288,,,0.0002569301300893775,,,,,,,,,,,,,,,,,,,,,,,
113,RFCW,WC,,,,,,,,,,,0.0,0.0,0.007611336609745939,,,,,,,,,,,0.12772067161351094,0.0,,,,,,,,,,,,,,0.02691296700448887,0.008578455717525104,0.015180661094914156,,,,,,,,,,,,,,,0.0,,,,,,,,,,,0.0,,,,0.005963517086725611,,0.10005609832002836,2.5627501998095802e-05,,0.0,,,,,,,0.016652765940117543,,,,,,,,,,,,,,,,,,,,,,,,0.0,,,,0.0,,,0.03230780383958174,,,0.013964135702867956,,,,,,,,,,,,,,,,,,,,,,,
114,RFCW,WDS,,,,,,,,,,,0.0,,,0.0,,,,,,,,,,0.0,,,,,,,,,,,,,,,,,,,,,,,,,,,,,,,,0.0,,,,,,,,,,,,0.0,,,0.0,,0.0,,,,,,,,,,,,,0.0,,,,,,,,,,,,,,,,,,,,,,,,,,,,,,,,,,,,,0.0,,,,,,,,,,0.0,,,,,,,
115,RFCW,WH,,,,,,,,,,,0.0,0.0,,,,,,,,0.0,,,,0.0,0.0,,,,,0.0,,,,,,0.0,,0.0,0.0,,0.0,0.0,,,,,,,,,0.0,,,,,0.0,,,,,,,,,,,,0.0,,0.0,0.0,,0.0,0.0,,,,,,,,,0.0,,0.0,0.0,,,,,,,,,0.0,,,,,,,,,,,,,,,,,,,0.0,,,0.0,,,,,,,,,,,,,,,,,,,,,,,
116,RMPA,BIT,,,,,,,,,,,,,,,,,,,,,,,,0.0,,,,,,5.543042677359353e-09,,,,,,,,,,,,,,,,,,,,,,,,,,0.0,,,,,,,,,,,0.0,,,,0.0,,0.0,0.0,,,,,,,,,,,,,,,,,,,,,,,,,,,,,,,,,,,,,,,,,,,0.0,,,,,,,,,,,,,,,,,,,,,,,
117,RMPA,NG,,,,,,,,,,,0.0,,,,,,,,,,,,,0.08312709896995514,,,,,,,,,,,,,,,,,,,,,,,,,,,,,,,,0.0,,,,,,,,,,,0.0,,,,0.003836635337074853,,,,,,,,,,,,,,,,,,,,,,,,,,,,,,,,,,,,,,,,,,,,,,,0.0,,,,,0.0,0.0,,,,,,0.0,0.0,0.0,,0.0,,,,,,0.0
118,RMPA,SUB,,,,,,,,,,,0.00016217513187278534,,,,,,,,,,,,,0.008183395256356328,,,,,,2.5171183121022638e-08,,,,,,,,0.0,0.00026572456842943764,,0.000838443482794417,,,,,,,,,,,,,,,0.0,,,,,,,,,,,0.0,,,,0.0001836532381580715,,0.0010250341136619472,1.5700119183418026e-06,,0.0,,,,,,,0.0001275832832965698,,,,,,0.0,,,,,,,,,,,,,,,,,,,,,,0.0,,,0.0005440832804498454,,,0.0007998490400840313,0.0,,0.0,0.0,,0.0,0.0,,,,,,0.0,0.0,0.0,,0.0,,,,,,0.0
119,RMPA ,SUB,,,,,,,,,,,,,,,,,,,,,,,,0.18398595273729065,,,,,,,,,,,,,,,0.005602657845819471,,0.007596214011038769,,,,,,,,,,,,,,,0.0,,,,,,,,,,,0.0,,,,0.001956083955654271,,0.017693806186667684,7.972147679284674e-06,,,,,,,,,0.003712604596627361,,,,,,,,,,,,,,,,,,,,,,,,,,,,,,,0.005600927027825706,,,0.007598290992631288,,,,,,,,,,,,,,,,,,,,,,,
120,SPNO,BIT,,,,,,,,,,,,,,,,,,,,,,,,,,,,,,,,,,,,,,0.0,,,,,,,,,,,,,,,,,,0.0,,,,,,,,,,,,,,,0.0,,,0.0,,,,,,,,,,,,,,,,,,,,,,,,,,,,,,,,,,,,,,,,,,,,,,,,,,,,,,,,,,,,,,,,,,
121,SPNO,NG,,,,,,,,,,,0.0,,,0.0,,,,,,,,,,,,,,,,,,,,,,,,,,,,,,,,,,,,,,,,,,,,,,,,,,,,0.0,,,,,,,,,,,,,,,,,,,,,,,,,,,,,,,,,,,,,,,,,,,,,,,,,,,,,,,,0.0,,,,,,,,,,,,,,,,,,
122,SPNO,SUB,0.0,,,,,,,,,,0.0,,0.0,,,,,,,,,,,0.0,,,,,,0.0,,,,,,,,0.0,0.0,0.0,0.0,,,,,,,,,,,,,,,0.0,,,,,,,,,,,0.0,,,0.0,0.0,,0.0,0.0,,,,,,,,,0.0,,,,,,0.0,,,,,,,,,,,,,,,,,,0.0,,,,0.0,,,0.0,,0.0,0.0,0.0,,,0.0,,0.0,0.0,,,,,,0.0,0.0,0.0,,,,,,,,0.0
123,SPSO,BIT,,,,,,,,,,,,,0.0,,,,,,,,,,,0.0,,,,,,,,,,,,,,,0.0,,0.0,,,,,,,,,,,,,,,0.0,,,,,,,,,,,,,,,0.0,,0.0,0.0,,,,,,,,,0.0,,,,,,,,,,,,,,,,,,,,,,,,,,,,,,,0.0,,,0.0,,,,,,,,,,,,,,,,,,,,,,,
124,SPSO,BLQ,,,,,,,,,,,0.0,,,0.0,,,,,,,,,,0.0,,,,,,,,,,,,,0.0,0.0,0.0,,,,,0.0,,,0.0,,,,,,,,,0.0,,,,,,,,,0.0,0.0,,0.0,,,0.0,,0.0,0.0,,,,,,,,,0.0,,,,,,,,,,,,0.0,,,,,,,,,,,,,,,,,,,0.0,,,0.0,,,,,,,,,,,,,,,,0.0,,,,,,,
125,SPSO,LIG,,,,,,,,,,,0.0,,4.463628975984984e-07,,,,,,,,,,,2.231814487992492e-07,4.463628975984984e-07,,,,,0.0,,,,,,,,0.0,2.231814487992492e-07,2.231814487992492e-07,2.231814487992492e-07,,,,,,,,,,,,,,,0.0,,,,,,,,,,,0.0,,,,0.0,,2.231814487992492e-07,0.0,,,,,,,,,2.231814487992492e-07,,,,,,,,,,,,,,,,,,,,,,,,4.463628975984984e-07,,,,4.463628975984984e-07,,,2.231814487992492e-07,,,2.231814487992492e-07,,,,,,,,,,,,,,,,,,,,,,,
126,SPSO,NG,,,,,,,,,,,0.0,,,0.0,,,,,,,,,,1.8282363243560702e-08,,,,,,0.0,,,,,,,0.0,,,0.0,7.422639488421848e-06,,,,,,,,,,,,,,,0.0,,,,,,,,,0.0,,0.0,0.0,,,6.581650725732024e-08,,0.0,0.0,,,,,,,,,,,,0.0,0.0,,,,,,,,0.0,,,,,,,,,,,,,,,,,,,7.020427496014767e-06,,,0.0,,,,,,,,,,,,,,,,0.0,,,,,,,
127,SPSO,PC,,,,,,,,,,,0.0,,,,,,,,,,,,,0.0,,,,,,0.0,,,,,,,,,0.0,,0.0,,,,,,,,,,,,,,,0.0,,,,,,,,,,,0.0,,,,0.0,,0.0,0.0,,,,,,,,,0.0,,,,,,,,,,,,,,,,,,,,,,,,,,,,,,,0.0,,,0.0,,,,,,,,,,,,,,,,,,,,,,,
128,SPSO,PRG,,,,,,,,,,,,,,,,,,,,,,,,,,,,,,0.0,,,,,,,,,,,,,,,,,,,0.0,,,,,,,,,,,,,,,,,,,0.0,,,,,,,,,,,,,,,,,,,,,,,,,,,,,,,,,,,,,,,,,,,,,,,,,,,,,,0.0,,,,,,,,,,,,,,,,,,
129,SPSO,SUB,,,,,,,,,,,0.0,,1.4216560764898074e-07,,,,,,,,,,,9.322634510798843e-08,,,,,,0.0,,0.0,,,,,,0.0,1.3777924134841864e-07,,1.602065673666758e-06,,,,,,,,,,,,,,,0.0,,,,,,,,,,,0.0,0.0,,,1.1169827913456198e-08,,9.794814665478361e-08,0.0,,,,,,,,,1.8370565513122487e-07,,,0.0,,,0.0,,,,,,,,,,,,,,,,,,,,,,,,,8.195805256426091e-07,,,1.469222199821754e-07,,,,,,,,,,,,,,,0.0,0.0,,,,,,,
130,SRMV,BLQ,,,,,,,,,,,0.0,,,1.6836136703581868e-05,,,,,,,,,,0.04153903480980647,,,,,,5.418174902789074e-06,,,,,,,5.295730272217569e-07,0.0,,,,,,,,,1.6070857762509965e-06,,,,,,,,,3.661847594307749e-09,,0.0,,,,,,,4.5916736464314175e-06,0.0,,0.0051555311702131965,,,0.0002825409850437466,0.0,0.0818242365755858,3.6871139380844286e-06,,,,,,,,,,,0.0,0.0,,,,,,,,,1.0713905175006642e-05,,,,,,,,,,,,,,,,,,,0.0006391609715832535,,,0.008006654393070679,,,,,,,,,,,,,,,,0.0005457969407724812,,,,,,0.0,
131,SRMV,NG,0.0,0.0,0.0,,0.0,0.0,0.0,0.0,0.0,2.5396811741793184,3.2583271570930457e-06,0.0,,0.0,0.0,0.0,0.0,0.0,0.0,0.0,0.0,0.0,0.0,0.00638582827816731,,0.0,0.0,0.0,0.0,0.004656293199694444,,0.0,0.0,0.0,0.0,,0.0,0.0,9.326612879199282e-08,0.0006457597134463779,6.994959659399462e-08,0.0,0.0,0.0,,0.019536101170666773,0.0,0.0,0.0,0.0,0.0,0.0,,0.0,0.0,0.0,0.0,0.0,0.0,0.0,0.0,0.0,0.0,0.0,0.0,0.0,0.0,0.0,0.0,0.0,4.663306439599641e-08,0.0,0.0,0.0,,0.0,0.0,0.0,0.0,0.0,0.0,0.0,0.008208951499744526,,0.0,0.0,0.0,,0.000454178684381104,0.0,,0.0,0.0,0.0,0.0,0.0,0.0,0.0,0.0,0.0,0.0,0.0,0.0,0.0,,,,0.0,,0.0,,0.0,0.0,0.0,0.0,0.0,0.0007469177638808176,,,0.0,0.0,0.00037288728217666,0.0,0.0,0.0,0.0,0.0,,,0.00013120748502207767,0.013197378441545775,8.51443770422308e-08,0.0,0.0,,0.0,3.2583271570930457e-06,0.0,0.0,
132,SRMV,PC,,,,,,,,,,,0.0,,,0.0,,,,,,,,,,0.0,,,,,,0.0,,,,,,,0.0,0.0,,,0.0,,,,,,0.0,,,,,,,,,0.0,,,,,,,,,0.0,0.0,0.0,0.0,,,0.0,,0.0,0.0,,,,,,,,,0.0,,,0.0,,,,,,,,,0.0,,,,,,,,,,,,,,,,,,,0.0,,,0.0,,,,,,,,,,,,,,,,0.0,,,,,,,
133,SRMV,PRG,0.0,,0.0,,,,,,,,0.0,,,,,,,,,,,,,,,,2.740819504548811e-07,,,0.0,,,,0.0,,,,0.0,,0.0,,,,,,,,,0.0,,,,,,,0.0,0.0,,,,0.0,,0.0,,,,,0.0,,0.0,3.014901455003692e-05,,,0.0,,0.0,,,,,,,1.288185167137941e-05,,,0.0,,,0.0,,,,,,0.0,,,,,,,0.0,,,,,,,,,,,,,,2.740819504548811e-07,0.0,,,,,1.3704097522744055e-07,,,,,,,,,,,,,,,,0.0,0.0,
134,SRMV,SUB,,,,,,,,,,,0.0,,,,,,,,,,,,,0.02807199819417001,,,,,,0.0,,,,,,,,0.0,0.0,0.0,0.0012524429963552777,,,,,,,,,,,,,,,0.0,,,,,,,,,,,0.0,,,0.0,0.0005182522743539079,,0.0010580983934725622,9.717230144135774e-06,,,,,,,,,0.0,,,,,,0.0,,,,,,,,,,,,,,,,,,,,,,,,,0.0010365045487078159,,,0.0008421599458251005,,,,,,,,,,,,,,,0.0,,,,,,,,
135,SRMV,WDS,,,,,,,,,,,0.0,,,0.0,,,,,,,,,,0.0,,,,,,,,,,,,,0.0,,,,,,,,,,0.0,,,,,,,,,0.0,,,,,,,,,0.0,,,0.0,,,0.0,,0.0,0.0,,,,,,,,,,,,,,,,,,,,,0.0,,,,,,,,,,,,,,,,,,,,,,0.0,,,,,,,,,,,,,,,,0.0,,,,,,,
136,SRMV,WH,,,,,,,,,,,,,,,,,,,,,,,,,,,,,,,,,,,,,,,,,,,,,,,,,,,,,,,,,,,,,,,,,,,0.0,,,,0.0,,,0.0,,,,,,,,,,,,,,,,,,,,,,,,,,,,,,,,,,,,,,,,0.0,,,,,,,,,,,,,,,,,,,,,,,,,,
137,SRMW,BIT,,,,,,,,0.0,,,0.0,0.0,0.005593436720792543,0.0,,,,,,,,,,0.06401981880969076,0.0,,,,,0.0,,,,,,,,0.0,0.008050483287649879,0.0,0.007088030342623779,,,,,,,,,,,,,,,0.0,0.0,,,,,,0.0,0.0,0.0,,0.0,0.0,,0.0,0.0023089767848189315,,0.08950761268057947,3.4634955872457515e-05,,,,,,,,,0.0060571271448620016,,,0.0,0.0,,0.0,,0.0,,,,,,,0.0,,,,,,0.0,,,0.0,0.014680491844657037,,0.0,0.0,,,0.005142573689691068,,2.3302984488463247e-06,0.02733090558342885,,,,,9.476547025308387e-05,,,0.0,,,,,0.0,,0.0,6.731973296667159e-06,,,,,0.0,0.0,
138,SRMW,NG,,,,,,,,,,,0.0,,,0.0,,,0.0,,,,,,,,,,,,,,,,,,,,,0.0,,,,,,,,,,,,,,,,,,,,,,,,,,,,,,,,0.0,,,,4.3228875121027263e-07,,,,,,,,,,,,,,,,,,,,,,,,,,,,,,,,,,,,,,,,,,,,,,,,0.0,,,,,,,,,,,0.0,,,,,,,
139,SRMW,SUB,,,,,,,,,,,0.0,0.0,,,,,,,,,,,,0.0,,,,,,0.0,,,,,,,,0.0,0.0,0.0,0.0,,,,,,,,,,,,,,,0.0,,,,,,,0.0,,,,0.0,,,,0.0,,0.0,0.0,,,,,,,,,0.0,,,,,,0.0,,,,,,,,,,,,,,,,,,0.0,,,,0.0,,,0.0,,0.0,0.0,,,,,,,,,,,,,,,,,,,,,,,
140,SRSO,BIT,,,,,,,,,,,0.0,,0.0,0.0,,,,,,,,,,0.0,0.0,,,,,0.0,,,,,,,0.0,0.0,4.837012437255609e-08,0.0,8.222921143334535e-07,,,,,,,,,,,,,,,0.0,,,,,,,,,0.0,0.0,0.0,0.0,,,0.0,,0.0,0.0,,,,,,,,,2.4185062186278044e-08,,,,,,0.0,,,,,,0.0,,,,,,,,,,,,0.0,,,,,,,0.0,,,1.0113753277898092e-05,,,,,,,,,,,,,,,,0.0,,,,,,,
141,SRSO,BLQ,,,,,,,,,,0.0,0.0,,,4.3301276747223524e-05,,,,,,,,,,0.0010007194273751038,,,,,,0.0,,,,,,,4.110976067004418e-09,0.0,,,,,,,,,0.0,,,,,,,,,3.7177691117274104e-09,,,,,,,0.0,0.0,6.253991307387222e-06,0.0,,2.8954168691529152e-06,,,0.00015242731016202089,,0.009222649276545349,5.019018133569217e-07,,,,0.0,,,,,,,,4.461349452061526e-06,,,,,,,,,3.088626543734903e-06,,,,,,,,,,,,,,,,,,,0.0,,,0.038594434437779136,,,,,,,,,,,,,,,,0.00544921968787515,,,,,,0.0,
142,SRSO,DFO,,,,,,,,,,,,,,,,,,,,,,,,,,,,,,,,,,,,,,,,,,,,,,,,,,,,,,,,,,,,,,,,,,,,,,,,,,,,,,,,,,,,,,,,,0.0,,,,,,,,,,,,,,,,,,,,,,,,,,,,,,,,,,,,,,,,,,,,,,,,,,,
143,SRSO,NG,0.0,,,,,,,0.0,,,0.0,,,0.0,,,,0.0,,,,,,0.003298735322491856,,,0.0,,,0.0,,0.0,0.0,,0.0,,0.0,0.0,,,0.0,,,,,,0.0,,,,,,,,,0.0,,,,,0.0,,0.0,0.0,0.0,0.0,0.0,0.0,,,0.00021991568816612372,0.0,0.02041092480791836,2.8863934071803746e-07,,,0.0,,0.0,,,,,,0.0,1.9932778688718957e-06,6.976472541051635e-06,,0.0,,,0.0,,,0.0,,,0.0,,,,,,,,,,,,,,,0.0,0.0,,0.0,0.0008906585370728011,,,,,0.0,,0.0,,0.0,,,,,,0.0,0.0,0.0,,,,,0.0,
144,SRSO,OBS,,,,,,,,,,,,,,,,,,,,,,,,,,,,,,0.0,,,,,,,,,,,,,,,,,,,,,,,,,,0.0,,,,,,,,,0.0,,,,,,3.1394545619593924e-05,,3.9243182024492405e-06,0.0,,,,,,,,,,,,,,,,,,,,,,,,,,,,,,,,,,,,,,,,,,,9.418363685878178e-05,,,,,,,,,,,,,,,,0.002019061715160134,,,,,,,
145,SRSO,SUB,,,,,,,,,,,0.0,,,,,,,,,,,,,0.0,0.0,,,,,,,,,,,,,0.0,0.0,0.0,0.0,,,,,,,,,,,,,,,0.0,,,,,,,,,,,0.0,,,,0.0,,0.0,0.0,,,,,,,,,0.0,,,,,,0.0,,,,,,,,,,,,,,,,,,0.0,,,,0.0,,,0.0,,,0.0,,,,,,,,,,,,,,,,,,,,,0.0,,
146,SRSO,WDS,,,,,,,,0.0,,,0.0,,,0.0,,,,,,,,,,0.0,,,,,,,,,,,,,0.0,,,,,,,,,,0.0,,,,,,,,,0.0,,,,,,,,,0.0,,,0.0,,,0.0,0.0,0.0,0.0,,,,,,,,,,,0.0,,,,,,,,,,0.0,,,,,,,,,,,,,,,,,,,0.0,,,0.0,,,,,,,,,,,,,,,,0.0,,0.0,,,,,
147,SRTV,BIT,,0.0,,,,,,0.0,,,0.0,0.0,8.556088761780028e-07,0.0,,,,,,,0.0,,,0.010741450839811494,2.754643211109667e-07,,0.0,,,0.0,,0.0,,0.0,0.0,,0.0,0.0,0.003159952620711961,7.825690940652465e-07,1.1800995436622407e-06,0.0,,,,,0.0,,0.0,,,,0.0,0.0,,0.0,0.0,,,,,,0.0,0.0,0.0,0.0,0.0,0.0,0.0,,0.0013195452266231125,0.0,0.0040059376721109895,1.4858328246328331e-05,0.0,,,0.0,,,,,1.936858507811485e-06,,,0.0,,,0.0,,,0.0,,,0.0,,,,,0.0,,0.0,,,,0.0,5.9475251148958725e-06,,,,3.3985857799404985e-06,,0.0,0.005358397998439034,,0.0,0.004105511098905431,,,,,0.0,,,,,,0.0,0.0,,,,0.0,,,,,,0.0,
148,SRTV,BLQ,,,,,,,,,,,0.0,,,0.0,,,,,,,,,,0.0,,,,,,0.0,,,,,,,1.3015313753016415e-06,0.0,0.02245633476719709,,,,,,,,1.3015313753016415e-06,,,,,,,,,0.0,,,,,,,,0.0,1.3015313753016415e-06,0.0,,0.0,,,9.240872764641655e-05,,0.002227368529566028,1.8047901737516095e-06,,,,,,,,,0.014596617598678108,,,,,,,,,,,,6.507656876508208e-05,,,,,,,,,,,,,,,,,,,0.0,,,0.006507656876508208,,,,,,,,,,,,,,,,1.3015313753016415e-06,,,,,,,
149,SRTV,COG,0.0,,,,,,,,,,0.0,,,,,,,,,,0.0,0.0,,,,,,,,0.0,,,,,,,,,,,,0.0,,,,,0.0,,,,,0.0,,,,,0.0,,,,,,,,,,,0.0,,,0.0,,,0.0,,,,,,,,,,,,,,,0.0,,,,0.0,0.0,0.0,,,,,,,0.0,,,,,,,,,,,,,,0.0,,,,,,0.0,,,,,,,,,,,,,,,,0.0,0.0,
150,SRTV,DFO,,,,,,,,,,,,,,,,,,,,,,,,,,,,,,,,,,,,,,,,,,,,,,,,,,,,,,,,,,,,,,,,,,,,,,,,,,,,,,,,,,,,,,,,,0.0,,,,,,,,,,,,,,,,,,,,,,,,,,,,,,,,,,,,,,,,,,,,,,,,,,,
151,SRTV,LIG,,,,,,,,,,,,,,,,,,,,,,,,0.06794940158546878,,,,,,,,,,,,,,,0.010467880784788433,,0.01469176250496622,,,,,,,,,,,,,,,0.0,,,,,,,,,,,0.0,,,,0.0029383525009932443,,0.09916939690852199,2.5343290321066732e-05,,,,,,,,,0.0049584698454261,,,,,,,,,,,,,,,,,,,,,,,,,,,,,,,0.02571058438369089,,,0.006243999064610644,,,,,,,,,,,,,,,,,,,,,,,
152,SRTV,NG,,,,,,,,,,,0.0,,,0.0,,,,,,,,,,,,,,,,,,,,,,,0.0,0.0,,,,,,,,,,,,,,,,,,0.0,,,,,,,,,,0.0,,0.0,,,0.0,,0.0,0.0,,,,,,,,,,,,0.0,0.0,,0.0,,,,,,,,,,,,,,,,,,,,,,,,,,,,,,,,,,,,,,,,,,,,0.0,,,,,,,
153,SRTV,NUC,,,,,,,,,,,,,,,,,,,,,,,,,,,,,,,,,,,,,,,,,,,,,,,,,,,,,,,,,,,,,,,,,,,,,,,,,,,,,,,,,,,,,,,,,,,,,,,,,,,,,,,,,,,,,,,,,,,,,,,,,,,,,,,,,,6.537146954796723e-05,,,,,,,,,,
154,SRTV,PRG,,,,,,,,,,,0.0,,,,,,,,,,,,,0.0,,,,,,,,,,,,,,,0.0,,,,,,,,,,,,0.0,,,,,,,,,,,,,0.0,,,,,,,0.0,,0.0,0.0,,0.0,,,,,,,0.0,,0.0,0.0,,,,,,,,,,,,,,,,,,,,,,,,,,,,0.0,,,0.0,,0.0,,,,,0.0,,,,,,,,,,,,,,,,
155,SRTV,SUB,,,,,,,,,,,0.0,1.0212168570974332e-07,3.4040561903247774e-08,,,,,,,,,,,0.0,0.0,,,,,0.0,,,,,,,,,0.0,0.0,5.673426983874629e-08,,,,,,,,,,,,,,,0.0,,,,,,,,,,,0.0,,,,3.51067926941484e-06,,0.0,0.0,,,,,,,,,0.0,,,0.0,,,0.0,,,,,,,,,,,,,,,,,,0.0,,,,0.0,,,0.0,,,0.0,,,,,,,,,,,,,,,,,,,,,,,
156,SRVC,BIT,0.0,,,,,,,,,,0.0,0.0,1.652352589913807e-06,0.0,,,,,,,,,,1.2605315044728888e-05,6.745548688087103e-07,,,,,3.8305485232067514e-07,,0.0,,,,,0.0,0.0,4.299568384381831e-06,8.617058429805348e-07,2.156142521975308e-06,,,,,,0.0,,0.0,,,,,,,0.0,,,,,,,,,0.0,,0.0,0.0,,0.0,8.723741759649126e-05,,5.241198527550361e-05,1.3704573566020837e-06,,,,,,,,,3.0140080090183387e-06,0.0,0.0,0.0,,,0.0,,,,,,0.0,,,,,,,,,,,,3.94429083409179e-06,,,,,,,7.131805233967754e-06,,,1.265676600597967e-05,,,,,,,,,,,,,0.0,,0.0,0.0,,,,,,,
157,SRVC,BLQ,,,,,,,,,,,0.0,,,0.0,,,,,,,,,,0.0,,,,,,0.0,,,,,,,0.0,0.0,,0.0,0.0,,,,,,0.0,,,,,,,,,0.0,,,,,,,,,0.0,0.0,,0.0,,,0.0,,0.0,0.0,,,,0.0,,,,,,,,0.0,0.0,,0.0,,,,,,0.0,,,,,,,,,,,,,,,,,,,0.0,,,0.0,,,,,,,,,,,,,,,,0.0,,,,,,,
158,SRVC,DFO,,,,,,,,,,,5.037251111111112,,,,,,,,,,,,,,,,,,,,,,,,,,,0.0,,,,,,,,,,,,,,,,,,,,,,,,,,,,,,0.7565333333333334,,,,,,,,,,,,,,,,,,0.6787785185185186,,,0.0,,,,,,,,,,,,,,,,,,,,,,,,,,,,,,,,,,,,,,,,,,,,0.0,,,,,,,
159,SRVC,NG,0.0,,,,,,,,,,0.0,,,,0.0,,,,,,,,,0.0,,,,,,0.0,,,,,,,,0.0,,,,0.0,,,,,,,,,,,,,,0.0,,,,,,,0.0,,0.0,,,,,0.0,0.0,,,0.0,,,,0.0,,,,,,,,0.0,,,0.0,,,,,,,,,,,,,,,,,,,,,,,,,,,,,,,,,,,,,,,,,0.0,,,0.0,,,,,,,
160,SRVC,NUC,,,,,,,,,,,,,,,,,,,,,,,,,,,,,,,,,,,,,,,,,,,,,,,,,,,,,,,,,,,,,,,,,,,,,,,,,,,,,,,,,,,,,,,,,0.0,,,,,,,,,,,,,,,,,,,,,,,,,,,,,,,,,,,,,,,,,,,,,,,,,,,
161,SRVC,OTH,,,,,,,,0.0,,,3.712755013763271e-05,,0.0,,,,,,,,,,,0.0,0.0,,,,,0.0,,,,,,5.711930790405033e-06,,,1.1423861580810066e-05,0.0,0.0,,,,,,,,,,,,,,,0.0,,,,,,,,,,,0.0,0.0,,,0.0,,5.711930790405033e-06,0.0,,,,,,,,,1.4279826976012582e-06,,,0.0,0.0,,,,,,,,,,,,,,,,,,,,0.0,,,,,,,2.8559653952025165e-06,,,5.426334250884782e-05,,0.0,,,,,,,,,,,,,,,,,,,,,
162,SRVC,SUN,,,,,,,,,,,,,,,,,,,,,,,,,,,,,,,,,,,,,,,,,,,,,,,,,,,,,,,,,,,,,,,,,,,,,,,,,,,,,,,,,,,,,,,,,0.0,,,,,,,,,,,,,,,,,,,,,,,,,,,,,,,,,,,,,,,,,,,,,,,,,,,
163,SRVC,WDS,,,,,,,,,,,0.0,,,0.0,,,,,,,,,,0.0,,,,,,0.0,,,,,,,0.0,0.0,0.0,0.0,0.0,,,,,,0.0,,,,,,,,,0.0,,,,,,,,,0.0,0.0,0.0,0.0,,,0.0009311662137659063,,0.0,0.0,,,,,,,,,0.0,,,0.0,,,,,,,,,0.0,,,,,,,,,,,,,,,,,,,0.0,,,0.0,,,,,,,,,,,,,,,,0.0,,,,,,,
